﻿<LibraryDocument xmlns:xsd="http://www.w3.org/2001/XMLSchema" xmlns:xsi="http://www.w3.org/2001/XMLSchema-instance">
  <Properties>
    <Property Name="AUTHORING_SCOPE" Value="ScopeId_12B63133-6C30-40F8-AC6A-A68D2D018248" />
  </Properties>
  <Contents>
    <Content UniqueId="9d047e89-872c-4f8d-977b-eb0ab45807a5" Hash="" Description="Configuration Manager Client Package" RelativePath="Configuration Manager Client Package" FullPath="C:\Temp\Modular OSD Export\ModularOSD_files\Configuration Manager Client Package\" SingleFile="false" StorageType="" FullOwnership="true" OriginalPath="\\CM1.corp.contoso.com\SMS_CHQ\Client\" OriginalStorage="" />
    <Content UniqueId="c8b3d40d-ff9b-45e0-8957-f863f211806c" Hash="" Description="Windows10 InsiderPreview Enterprise x64 en-us" RelativePath="Windows10 InsiderPreview Enterprise x64 en-us" FullPath="C:\Temp\Modular OSD Export\ModularOSD_files\Windows10 InsiderPreview Enterprise x64 en-us\" SingleFile="false" StorageType="" FullOwnership="true" OriginalPath="\\ad_sql\PackageSource\OSD\Windows10 InsiderPreview EnterpriseVL x64 en-us 18290\" OriginalStorage="" />
    <Content UniqueId="b64d78e8-1e8e-4e17-96df-166c671f5016" Hash="" Description="OSD Configuration" RelativePath="OSD Configuration" FullPath="C:\Temp\Modular OSD Export\ModularOSD_files\OSD Configuration\" SingleFile="false" StorageType="" FullOwnership="true" OriginalPath="\\127.0.0.1\C$\Temp\Modular OSD Export\ModularOSD_files\OSD Configuration\" OriginalStorage="" />
  </Contents>
  <EntryObjects>
    <Object Path="SMS_Package.PackageID='CHQ00002'" Type="SMS_Package" />
    <Object Path="SMS_OperatingSystemInstallPackage.PackageID='CHQ00016'" Type="SMS_OperatingSystemInstallPackage" />
    <Object Path="SMS_Package.PackageID='CHQ00019'" Type="SMS_Package" />
    <Object Path="SMS_TaskSequencePackage.PackageID='CHQ0001A'" Type="SMS_TaskSequencePackage" />
    <Object Path="SMS_TaskSequencePackage.PackageID='CHQ0001B'" Type="SMS_TaskSequencePackage" />
    <Object Path="SMS_TaskSequencePackage.PackageID='CHQ0001C'" Type="SMS_TaskSequencePackage" />
    <Object Path="SMS_TaskSequencePackage.PackageID='CHQ0001D'" Type="SMS_TaskSequencePackage" />
    <Object Path="SMS_TaskSequencePackage.PackageID='CHQ0001E'" Type="SMS_TaskSequencePackage" />
    <Object Path="SMS_TaskSequencePackage.PackageID='CHQ0001F'" Type="SMS_TaskSequencePackage" />
  </EntryObjects>
</LibraryDocument>