﻿<LibraryDocument xmlns:xsd="http://www.w3.org/2001/XMLSchema" xmlns:xsi="http://www.w3.org/2001/XMLSchema-instance">
  <Properties>
    <Property Name="AUTHORING_SCOPE" Value="ScopeId_6223708A-6633-4F43-972F-1C47D5B0006B" />
  </Properties>
  <Contents>
    <Content UniqueId="15fff3aa-149e-4504-a40d-2ff50dfec1eb" Hash="" Description="Configuration Manager Client Package" RelativePath="Configuration Manager Client Package" FullPath="C:\Temp\ts_export\ModularOSD_files\Configuration Manager Client Package\" SingleFile="false" StorageType="" FullOwnership="true" OriginalPath="\\CM1.corp.contoso.com\SMS_CHQ\Client\" OriginalStorage="" />
    <Content UniqueId="42ae56ea-6f17-4211-bcbf-dc35443a3db9" Hash="" Description="OSD Configuration" RelativePath="OSD Configuration" FullPath="C:\Temp\ts_export\ModularOSD_files\OSD Configuration\" SingleFile="false" StorageType="" FullOwnership="true" OriginalPath="\\127.0.0.1\c$\Temp\SystemCenterConfigMgr\Task Sequences\Modular OSD\ModularOSD_files\OSD Configuration\" OriginalStorage="" />
    <Content UniqueId="b5963fc6-9e28-4446-82fb-86b2fa3f06ea" Hash="" Description="Windows10 InsiderPreview EnterpriseVL x64 en-us" RelativePath="Windows10 InsiderPreview EnterpriseVL x64 en-us" FullPath="C:\Temp\ts_export\ModularOSD_files\Windows10 InsiderPreview EnterpriseVL x64 en-us\" SingleFile="false" StorageType="" FullOwnership="true" OriginalPath="\\127.0.0.1\C$\Temp\Windows10 InsiderPreview EnterpriseVL x64 en-us 18290\" OriginalStorage="" />
  </Contents>
  <EntryObjects>
    <Object Path="SMS_Package.PackageID='CHQ00002'" Type="SMS_Package" />
    <Object Path="SMS_BootImagePackage.PackageID='CHQ00005'" Type="SMS_BootImagePackage" />
    <Object Path="SMS_Package.PackageID='CHQ00011'" Type="SMS_Package" />
    <Object Path="SMS_TaskSequencePackage.PackageID='CHQ00012'" Type="SMS_TaskSequencePackage" />
    <Object Path="SMS_TaskSequencePackage.PackageID='CHQ00013'" Type="SMS_TaskSequencePackage" />
    <Object Path="SMS_OperatingSystemInstallPackage.PackageID='CHQ00019'" Type="SMS_OperatingSystemInstallPackage" />
    <Object Path="SMS_TaskSequencePackage.PackageID='CHQ00014'" Type="SMS_TaskSequencePackage" />
    <Object Path="SMS_TaskSequencePackage.PackageID='CHQ00015'" Type="SMS_TaskSequencePackage" />
    <Object Path="SMS_TaskSequencePackage.PackageID='CHQ00016'" Type="SMS_TaskSequencePackage" />
    <Object Path="SMS_TaskSequencePackage.PackageID='CHQ00017'" Type="SMS_TaskSequencePackage" />
  </EntryObjects>
</LibraryDocument>