<INSTANCE CLASSNAME="SMS_TaskSequencePackage">
  <QUALIFIER NAME="dynamic" PROPAGATED="true" TYPE="boolean" TOSUBCLASS="false" TOINSTANCE="true">
    <VALUE>TRUE</VALUE>
  </QUALIFIER>
  <QUALIFIER NAME="SecurityVerbs" TYPE="sint32" TOSUBCLASS="false">
    <VALUE>-1</VALUE>
  </QUALIFIER>
  <PROPERTY NAME="__PATH" CLASSORIGIN="___SYSTEM" TYPE="string">
    <VALUE>\\WTF1\root\sms\site_WTF:SMS_TaskSequencePackage.PackageID="WTF00307"</VALUE>
  </PROPERTY>
  <PROPERTY NAME="__NAMESPACE" CLASSORIGIN="___SYSTEM" TYPE="string">
    <VALUE>root\sms\site_WTF</VALUE>
  </PROPERTY>
  <PROPERTY NAME="__SERVER" CLASSORIGIN="___SYSTEM" TYPE="string">
    <VALUE>WTF1</VALUE>
  </PROPERTY>
  <PROPERTY.ARRAY NAME="__DERIVATION" CLASSORIGIN="___SYSTEM" TYPE="string">
    <VALUE.ARRAY>
      <VALUE>SMS_PackageBaseclass</VALUE>
      <VALUE>SMS_BaseClass</VALUE>
    </VALUE.ARRAY>
  </PROPERTY.ARRAY>
  <PROPERTY NAME="__PROPERTY_COUNT" CLASSORIGIN="___SYSTEM" TYPE="sint32">
    <VALUE>72</VALUE>
  </PROPERTY>
  <PROPERTY NAME="__RELPATH" CLASSORIGIN="___SYSTEM" TYPE="string">
    <VALUE>SMS_TaskSequencePackage.PackageID="WTF00307"</VALUE>
  </PROPERTY>
  <PROPERTY NAME="__DYNASTY" CLASSORIGIN="___SYSTEM" TYPE="string">
    <VALUE>SMS_BaseClass</VALUE>
  </PROPERTY>
  <PROPERTY NAME="__SUPERCLASS" CLASSORIGIN="___SYSTEM" TYPE="string">
    <VALUE>SMS_PackageBaseclass</VALUE>
  </PROPERTY>
  <PROPERTY NAME="__CLASS" CLASSORIGIN="___SYSTEM" TYPE="string">
    <VALUE>SMS_TaskSequencePackage</VALUE>
  </PROPERTY>
  <PROPERTY NAME="__GENUS" CLASSORIGIN="___SYSTEM" TYPE="sint32">
    <VALUE>2</VALUE>
  </PROPERTY>
  <PROPERTY NAME="ActionInProgress" CLASSORIGIN="SMS_PackageBaseclass" TYPE="uint32">
    <QUALIFIER NAME="CIMTYPE" PROPAGATED="true" TYPE="string" TOINSTANCE="true">
      <VALUE>uint32</VALUE>
    </QUALIFIER>
    <VALUE>1</VALUE>
  </PROPERTY>
  <PROPERTY NAME="AlternateContentProviders" CLASSORIGIN="SMS_PackageBaseclass" TYPE="string">
    <QUALIFIER NAME="CIMTYPE" PROPAGATED="true" TYPE="string" TOINSTANCE="true">
      <VALUE>string</VALUE>
    </QUALIFIER>
    <VALUE></VALUE>
  </PROPERTY>
  <PROPERTY NAME="BootImageID" CLASSORIGIN="SMS_TaskSequencePackage" TYPE="string">
    <QUALIFIER NAME="CIMTYPE" PROPAGATED="true" TYPE="string" TOINSTANCE="true">
      <VALUE>string</VALUE>
    </QUALIFIER>
    <VALUE></VALUE>
  </PROPERTY>
  <PROPERTY NAME="Category" CLASSORIGIN="SMS_TaskSequencePackage" TYPE="string">
    <QUALIFIER NAME="CIMTYPE" PROPAGATED="true" TYPE="string" TOINSTANCE="true">
      <VALUE>string</VALUE>
    </QUALIFIER>
    <VALUE></VALUE>
  </PROPERTY>
  <PROPERTY NAME="CustomHighImpactHeadline" CLASSORIGIN="SMS_TaskSequencePackage" TYPE="string">
    <QUALIFIER NAME="CIMTYPE" PROPAGATED="true" TYPE="string" TOINSTANCE="true">
      <VALUE>string</VALUE>
    </QUALIFIER>
    <VALUE></VALUE>
  </PROPERTY>
  <PROPERTY NAME="CustomHighImpactSet" CLASSORIGIN="SMS_TaskSequencePackage" TYPE="uint32">
    <QUALIFIER NAME="CIMTYPE" PROPAGATED="true" TYPE="string" TOINSTANCE="true">
      <VALUE>uint32</VALUE>
    </QUALIFIER>
    <VALUE>0</VALUE>
  </PROPERTY>
  <PROPERTY NAME="CustomHighImpactWarning" CLASSORIGIN="SMS_TaskSequencePackage" TYPE="string">
    <QUALIFIER NAME="CIMTYPE" PROPAGATED="true" TYPE="string" TOINSTANCE="true">
      <VALUE>string</VALUE>
    </QUALIFIER>
    <VALUE></VALUE>
  </PROPERTY>
  <PROPERTY NAME="CustomHighImpactWarningInstall" CLASSORIGIN="SMS_TaskSequencePackage" TYPE="string">
    <QUALIFIER NAME="CIMTYPE" PROPAGATED="true" TYPE="string" TOINSTANCE="true">
      <VALUE>string</VALUE>
    </QUALIFIER>
    <VALUE></VALUE>
  </PROPERTY>
  <PROPERTY NAME="CustomHighImpactWarningTop" CLASSORIGIN="SMS_TaskSequencePackage" TYPE="string">
    <QUALIFIER NAME="CIMTYPE" PROPAGATED="true" TYPE="string" TOINSTANCE="true">
      <VALUE>string</VALUE>
    </QUALIFIER>
    <VALUE></VALUE>
  </PROPERTY>
  <PROPERTY NAME="CustomProgressMsg" CLASSORIGIN="SMS_TaskSequencePackage" TYPE="string">
    <QUALIFIER NAME="CIMTYPE" PROPAGATED="true" TYPE="string" TOINSTANCE="true">
      <VALUE>string</VALUE>
    </QUALIFIER>
    <VALUE></VALUE>
  </PROPERTY>
  <PROPERTY NAME="DependentProgram" CLASSORIGIN="SMS_TaskSequencePackage" TYPE="string">
    <QUALIFIER NAME="CIMTYPE" PROPAGATED="true" TYPE="string" TOINSTANCE="true">
      <VALUE>string</VALUE>
    </QUALIFIER>
    <VALUE></VALUE>
  </PROPERTY>
  <PROPERTY NAME="Description" CLASSORIGIN="SMS_PackageBaseclass" TYPE="string">
    <QUALIFIER NAME="CIMTYPE" PROPAGATED="true" TYPE="string" TOINSTANCE="true">
      <VALUE>string</VALUE>
    </QUALIFIER>
    <VALUE></VALUE>
  </PROPERTY>
  <PROPERTY NAME="Duration" CLASSORIGIN="SMS_TaskSequencePackage" TYPE="uint32">
    <QUALIFIER NAME="CIMTYPE" PROPAGATED="true" TYPE="string" TOINSTANCE="true">
      <VALUE>uint32</VALUE>
    </QUALIFIER>
    <VALUE>360</VALUE>
  </PROPERTY>
  <PROPERTY NAME="EstimatedDownloadSizeMB" CLASSORIGIN="SMS_TaskSequencePackage" TYPE="uint32">
    <QUALIFIER NAME="CIMTYPE" PROPAGATED="true" TYPE="string" TOINSTANCE="true">
      <VALUE>uint32</VALUE>
    </QUALIFIER>
    <VALUE>0</VALUE>
  </PROPERTY>
  <PROPERTY NAME="EstimatedRunTimeMinutes" CLASSORIGIN="SMS_TaskSequencePackage" TYPE="uint32">
    <QUALIFIER NAME="CIMTYPE" PROPAGATED="true" TYPE="string" TOINSTANCE="true">
      <VALUE>uint32</VALUE>
    </QUALIFIER>
    <VALUE>0</VALUE>
  </PROPERTY>
  <PROPERTY.ARRAY NAME="ExtendedData" CLASSORIGIN="SMS_PackageBaseclass" TYPE="uint8">
    <QUALIFIER NAME="CIMTYPE" PROPAGATED="true" TYPE="string" TOINSTANCE="true">
      <VALUE>uint8</VALUE>
    </QUALIFIER>
  </PROPERTY.ARRAY>
  <PROPERTY NAME="ExtendedDataSize" CLASSORIGIN="SMS_PackageBaseclass" TYPE="uint32">
    <QUALIFIER NAME="CIMTYPE" PROPAGATED="true" TYPE="string" TOINSTANCE="true">
      <VALUE>uint32</VALUE>
    </QUALIFIER>
    <VALUE>0</VALUE>
  </PROPERTY>
  <PROPERTY NAME="ForcedDisconnectDelay" CLASSORIGIN="SMS_PackageBaseclass" TYPE="uint32">
    <QUALIFIER NAME="CIMTYPE" PROPAGATED="true" TYPE="string" TOINSTANCE="true">
      <VALUE>uint32</VALUE>
    </QUALIFIER>
    <VALUE>5</VALUE>
  </PROPERTY>
  <PROPERTY NAME="ForcedDisconnectEnabled" CLASSORIGIN="SMS_PackageBaseclass" TYPE="boolean">
    <QUALIFIER NAME="CIMTYPE" PROPAGATED="true" TYPE="string" TOINSTANCE="true">
      <VALUE>boolean</VALUE>
    </QUALIFIER>
    <VALUE>FALSE</VALUE>
  </PROPERTY>
  <PROPERTY NAME="ForcedDisconnectNumRetries" CLASSORIGIN="SMS_PackageBaseclass" TYPE="uint32">
    <QUALIFIER NAME="CIMTYPE" PROPAGATED="true" TYPE="string" TOINSTANCE="true">
      <VALUE>uint32</VALUE>
    </QUALIFIER>
    <VALUE>2</VALUE>
  </PROPERTY>
  <PROPERTY NAME="HighImpactTaskSequence" CLASSORIGIN="SMS_TaskSequencePackage" TYPE="uint32">
    <QUALIFIER NAME="CIMTYPE" PROPAGATED="true" TYPE="string" TOINSTANCE="true">
      <VALUE>uint32</VALUE>
    </QUALIFIER>
    <VALUE>0</VALUE>
  </PROPERTY>
  <PROPERTY.ARRAY NAME="Icon" CLASSORIGIN="SMS_PackageBaseclass" TYPE="uint8">
    <QUALIFIER NAME="CIMTYPE" PROPAGATED="true" TYPE="string" TOINSTANCE="true">
      <VALUE>uint8</VALUE>
    </QUALIFIER>
  </PROPERTY.ARRAY>
  <PROPERTY NAME="IconSize" CLASSORIGIN="SMS_PackageBaseclass" TYPE="uint32">
    <QUALIFIER NAME="CIMTYPE" PROPAGATED="true" TYPE="string" TOINSTANCE="true">
      <VALUE>uint32</VALUE>
    </QUALIFIER>
    <VALUE>0</VALUE>
  </PROPERTY>
  <PROPERTY NAME="IgnoreAddressSchedule" CLASSORIGIN="SMS_PackageBaseclass" TYPE="boolean">
    <QUALIFIER NAME="CIMTYPE" PROPAGATED="true" TYPE="string" TOINSTANCE="true">
      <VALUE>boolean</VALUE>
    </QUALIFIER>
    <VALUE>FALSE</VALUE>
  </PROPERTY>
  <PROPERTY.ARRAY NAME="ISVData" CLASSORIGIN="SMS_PackageBaseclass" TYPE="uint8">
    <QUALIFIER NAME="CIMTYPE" PROPAGATED="true" TYPE="string" TOINSTANCE="true">
      <VALUE>uint8</VALUE>
    </QUALIFIER>
  </PROPERTY.ARRAY>
  <PROPERTY NAME="ISVDataSize" CLASSORIGIN="SMS_PackageBaseclass" TYPE="uint32">
    <QUALIFIER NAME="CIMTYPE" PROPAGATED="true" TYPE="string" TOINSTANCE="true">
      <VALUE>uint32</VALUE>
    </QUALIFIER>
    <VALUE>0</VALUE>
  </PROPERTY>
  <PROPERTY NAME="IsVersionCompatible" CLASSORIGIN="SMS_PackageBaseclass" PROPAGATED="true" TYPE="boolean">
    <QUALIFIER NAME="CIMTYPE" PROPAGATED="true" TYPE="string" TOINSTANCE="true">
      <VALUE>boolean</VALUE>
    </QUALIFIER>
  </PROPERTY>
  <PROPERTY NAME="ISVString" CLASSORIGIN="SMS_PackageBaseclass" TYPE="string">
    <QUALIFIER NAME="CIMTYPE" PROPAGATED="true" TYPE="string" TOINSTANCE="true">
      <VALUE>string</VALUE>
    </QUALIFIER>
    <VALUE></VALUE>
  </PROPERTY>
  <PROPERTY NAME="Language" CLASSORIGIN="SMS_PackageBaseclass" TYPE="string">
    <QUALIFIER NAME="CIMTYPE" PROPAGATED="true" TYPE="string" TOINSTANCE="true">
      <VALUE>string</VALUE>
    </QUALIFIER>
    <VALUE></VALUE>
  </PROPERTY>
  <PROPERTY NAME="LastRefreshTime" CLASSORIGIN="SMS_PackageBaseclass" TYPE="datetime">
    <QUALIFIER NAME="CIMTYPE" PROPAGATED="true" TYPE="string" TOINSTANCE="true">
      <VALUE>datetime</VALUE>
    </QUALIFIER>
    <VALUE>20180803183555.000000+000</VALUE>
  </PROPERTY>
  <PROPERTY.ARRAY NAME="LocalizedCategoryInstanceNames" CLASSORIGIN="SMS_PackageBaseclass" PROPAGATED="true" TYPE="string">
    <QUALIFIER NAME="CIMTYPE" PROPAGATED="true" TYPE="string" TOINSTANCE="true">
      <VALUE>string</VALUE>
    </QUALIFIER>
  </PROPERTY.ARRAY>
  <PROPERTY NAME="LocalizedTaskSequenceDescription" CLASSORIGIN="SMS_TaskSequencePackage" TYPE="string">
    <QUALIFIER NAME="CIMTYPE" PROPAGATED="true" TYPE="string" TOINSTANCE="true">
      <VALUE>string</VALUE>
    </QUALIFIER>
    <VALUE></VALUE>
  </PROPERTY>
  <PROPERTY NAME="LocalizedTaskSequenceName" CLASSORIGIN="SMS_TaskSequencePackage" TYPE="string">
    <QUALIFIER NAME="CIMTYPE" PROPAGATED="true" TYPE="string" TOINSTANCE="true">
      <VALUE>string</VALUE>
    </QUALIFIER>
    <VALUE></VALUE>
  </PROPERTY>
  <PROPERTY NAME="Manufacturer" CLASSORIGIN="SMS_PackageBaseclass" TYPE="string">
    <QUALIFIER NAME="CIMTYPE" PROPAGATED="true" TYPE="string" TOINSTANCE="true">
      <VALUE>string</VALUE>
    </QUALIFIER>
    <VALUE></VALUE>
  </PROPERTY>
  <PROPERTY NAME="MIFFilename" CLASSORIGIN="SMS_PackageBaseclass" TYPE="string">
    <QUALIFIER NAME="CIMTYPE" PROPAGATED="true" TYPE="string" TOINSTANCE="true">
      <VALUE>string</VALUE>
    </QUALIFIER>
    <VALUE></VALUE>
  </PROPERTY>
  <PROPERTY NAME="MIFName" CLASSORIGIN="SMS_PackageBaseclass" TYPE="string">
    <QUALIFIER NAME="CIMTYPE" PROPAGATED="true" TYPE="string" TOINSTANCE="true">
      <VALUE>string</VALUE>
    </QUALIFIER>
    <VALUE></VALUE>
  </PROPERTY>
  <PROPERTY NAME="MIFPublisher" CLASSORIGIN="SMS_PackageBaseclass" TYPE="string">
    <QUALIFIER NAME="CIMTYPE" PROPAGATED="true" TYPE="string" TOINSTANCE="true">
      <VALUE>string</VALUE>
    </QUALIFIER>
    <VALUE></VALUE>
  </PROPERTY>
  <PROPERTY NAME="MIFVersion" CLASSORIGIN="SMS_PackageBaseclass" TYPE="string">
    <QUALIFIER NAME="CIMTYPE" PROPAGATED="true" TYPE="string" TOINSTANCE="true">
      <VALUE>string</VALUE>
    </QUALIFIER>
    <VALUE></VALUE>
  </PROPERTY>
  <PROPERTY NAME="Name" CLASSORIGIN="SMS_PackageBaseclass" TYPE="string">
    <QUALIFIER NAME="CIMTYPE" PROPAGATED="true" TYPE="string" TOINSTANCE="true">
      <VALUE>string</VALUE>
    </QUALIFIER>
    <VALUE>OSD - BIOS Configuration</VALUE>
  </PROPERTY>
  <PROPERTY NAME="NumOfPrograms" CLASSORIGIN="SMS_PackageBaseclass" PROPAGATED="true" TYPE="uint32">
    <QUALIFIER NAME="CIMTYPE" PROPAGATED="true" TYPE="string" TOINSTANCE="true">
      <VALUE>uint32</VALUE>
    </QUALIFIER>
  </PROPERTY>
  <PROPERTY NAME="ObjectPath" CLASSORIGIN="SMS_PackageBaseclass" TYPE="string">
    <QUALIFIER NAME="CIMTYPE" PROPAGATED="true" TYPE="string" TOINSTANCE="true">
      <VALUE>string</VALUE>
    </QUALIFIER>
  </PROPERTY>
  <PROPERTY NAME="PackageID" CLASSORIGIN="SMS_PackageBaseclass" TYPE="string">
    <QUALIFIER NAME="CIMTYPE" PROPAGATED="true" TYPE="string" TOINSTANCE="true">
      <VALUE>string</VALUE>
    </QUALIFIER>
    <QUALIFIER NAME="key" PROPAGATED="true" TYPE="boolean" OVERRIDABLE="false" TOINSTANCE="true">
      <VALUE>TRUE</VALUE>
    </QUALIFIER>
    <VALUE>WTF00307</VALUE>
  </PROPERTY>
  <PROPERTY NAME="PackageSize" CLASSORIGIN="SMS_PackageBaseclass" PROPAGATED="true" TYPE="uint32">
    <QUALIFIER NAME="CIMTYPE" PROPAGATED="true" TYPE="string" TOINSTANCE="true">
      <VALUE>uint32</VALUE>
    </QUALIFIER>
  </PROPERTY>
  <PROPERTY NAME="PackageType" CLASSORIGIN="SMS_PackageBaseclass" TYPE="uint32">
    <QUALIFIER NAME="CIMTYPE" PROPAGATED="true" TYPE="string" TOINSTANCE="true">
      <VALUE>uint32</VALUE>
    </QUALIFIER>
    <VALUE>4</VALUE>
  </PROPERTY>
  <PROPERTY NAME="PkgFlags" CLASSORIGIN="SMS_PackageBaseclass" TYPE="uint32">
    <QUALIFIER NAME="CIMTYPE" PROPAGATED="true" TYPE="string" TOINSTANCE="true">
      <VALUE>uint32</VALUE>
    </QUALIFIER>
    <VALUE>0</VALUE>
  </PROPERTY>
  <PROPERTY NAME="PkgSourceFlag" CLASSORIGIN="SMS_PackageBaseclass" TYPE="uint32">
    <QUALIFIER NAME="CIMTYPE" PROPAGATED="true" TYPE="string" TOINSTANCE="true">
      <VALUE>uint32</VALUE>
    </QUALIFIER>
    <VALUE>1</VALUE>
  </PROPERTY>
  <PROPERTY NAME="PkgSourcePath" CLASSORIGIN="SMS_PackageBaseclass" PROPAGATED="true" TYPE="string">
    <QUALIFIER NAME="CIMTYPE" PROPAGATED="true" TYPE="string" TOINSTANCE="true">
      <VALUE>string</VALUE>
    </QUALIFIER>
    <VALUE></VALUE>
  </PROPERTY>
  <PROPERTY NAME="PreDownloadRule" CLASSORIGIN="SMS_PackageBaseclass" TYPE="string">
    <QUALIFIER NAME="CIMTYPE" PROPAGATED="true" TYPE="string" TOINSTANCE="true">
      <VALUE>string</VALUE>
    </QUALIFIER>
    <VALUE></VALUE>
  </PROPERTY>
  <PROPERTY NAME="PreferredAddressType" CLASSORIGIN="SMS_PackageBaseclass" TYPE="string">
    <QUALIFIER NAME="CIMTYPE" PROPAGATED="true" TYPE="string" TOINSTANCE="true">
      <VALUE>string</VALUE>
    </QUALIFIER>
    <VALUE></VALUE>
  </PROPERTY>
  <PROPERTY NAME="Priority" CLASSORIGIN="SMS_PackageBaseclass" TYPE="uint32">
    <QUALIFIER NAME="CIMTYPE" PROPAGATED="true" TYPE="string" TOINSTANCE="true">
      <VALUE>uint32</VALUE>
    </QUALIFIER>
    <VALUE>2</VALUE>
  </PROPERTY>
  <PROPERTY NAME="ProgramFlags" CLASSORIGIN="SMS_TaskSequencePackage" TYPE="uint32">
    <QUALIFIER NAME="CIMTYPE" PROPAGATED="true" TYPE="string" TOINSTANCE="true">
      <VALUE>uint32</VALUE>
    </QUALIFIER>
    <VALUE>152084496</VALUE>
  </PROPERTY>
  <PROPERTY.OBJECTARRAY NAME="References" CLASSORIGIN="SMS_TaskSequencePackage" REFERENCECLASS="SMS_TaskSequence_Reference">
    <QUALIFIER NAME="CIMTYPE" PROPAGATED="true" TYPE="string" TOINSTANCE="true">
      <VALUE>object:SMS_TaskSequence_Reference</VALUE>
    </QUALIFIER>
    <VALUE.OBJECTARRAY>
      <VALUE.OBJECT>
        <INSTANCE CLASSNAME="SMS_TaskSequence_Reference">
          <PROPERTY NAME="__PATH" CLASSORIGIN="___SYSTEM" TYPE="string"></PROPERTY>
          <PROPERTY NAME="__NAMESPACE" CLASSORIGIN="___SYSTEM" TYPE="string"></PROPERTY>
          <PROPERTY NAME="__SERVER" CLASSORIGIN="___SYSTEM" TYPE="string"></PROPERTY>
          <PROPERTY.ARRAY NAME="__DERIVATION" CLASSORIGIN="___SYSTEM" TYPE="string">
            <VALUE.ARRAY></VALUE.ARRAY>
          </PROPERTY.ARRAY>
          <PROPERTY NAME="__PROPERTY_COUNT" CLASSORIGIN="___SYSTEM" TYPE="sint32">
            <VALUE>3</VALUE>
          </PROPERTY>
          <PROPERTY NAME="__RELPATH" CLASSORIGIN="___SYSTEM" TYPE="string"></PROPERTY>
          <PROPERTY NAME="__DYNASTY" CLASSORIGIN="___SYSTEM" TYPE="string">
            <VALUE>SMS_TaskSequence_Reference</VALUE>
          </PROPERTY>
          <PROPERTY NAME="__SUPERCLASS" CLASSORIGIN="___SYSTEM" TYPE="string"></PROPERTY>
          <PROPERTY NAME="__CLASS" CLASSORIGIN="___SYSTEM" TYPE="string">
            <VALUE>SMS_TaskSequence_Reference</VALUE>
          </PROPERTY>
          <PROPERTY NAME="__GENUS" CLASSORIGIN="___SYSTEM" TYPE="sint32">
            <VALUE>2</VALUE>
          </PROPERTY>
          <PROPERTY NAME="Package" CLASSORIGIN="SMS_TaskSequence_Reference" TYPE="string">
            <QUALIFIER NAME="CIMTYPE" PROPAGATED="true" TYPE="string" TOINSTANCE="true">
              <VALUE>string</VALUE>
            </QUALIFIER>
            <VALUE>WTF002C2</VALUE>
          </PROPERTY>
          <PROPERTY NAME="Program" CLASSORIGIN="SMS_TaskSequence_Reference" TYPE="string">
            <QUALIFIER NAME="CIMTYPE" PROPAGATED="true" TYPE="string" TOINSTANCE="true">
              <VALUE>string</VALUE>
            </QUALIFIER>
            <VALUE>*</VALUE>
          </PROPERTY>
          <PROPERTY NAME="Type" CLASSORIGIN="SMS_TaskSequence_Reference" TYPE="uint32">
            <QUALIFIER NAME="CIMTYPE" PROPAGATED="true" TYPE="string" TOINSTANCE="true">
              <VALUE>uint32</VALUE>
            </QUALIFIER>
            <VALUE>0</VALUE>
          </PROPERTY>
        </INSTANCE>
      </VALUE.OBJECT>
      <VALUE.OBJECT>
        <INSTANCE CLASSNAME="SMS_TaskSequence_Reference">
          <PROPERTY NAME="__PATH" CLASSORIGIN="___SYSTEM" TYPE="string"></PROPERTY>
          <PROPERTY NAME="__NAMESPACE" CLASSORIGIN="___SYSTEM" TYPE="string"></PROPERTY>
          <PROPERTY NAME="__SERVER" CLASSORIGIN="___SYSTEM" TYPE="string"></PROPERTY>
          <PROPERTY.ARRAY NAME="__DERIVATION" CLASSORIGIN="___SYSTEM" TYPE="string">
            <VALUE.ARRAY></VALUE.ARRAY>
          </PROPERTY.ARRAY>
          <PROPERTY NAME="__PROPERTY_COUNT" CLASSORIGIN="___SYSTEM" TYPE="sint32">
            <VALUE>3</VALUE>
          </PROPERTY>
          <PROPERTY NAME="__RELPATH" CLASSORIGIN="___SYSTEM" TYPE="string"></PROPERTY>
          <PROPERTY NAME="__DYNASTY" CLASSORIGIN="___SYSTEM" TYPE="string">
            <VALUE>SMS_TaskSequence_Reference</VALUE>
          </PROPERTY>
          <PROPERTY NAME="__SUPERCLASS" CLASSORIGIN="___SYSTEM" TYPE="string"></PROPERTY>
          <PROPERTY NAME="__CLASS" CLASSORIGIN="___SYSTEM" TYPE="string">
            <VALUE>SMS_TaskSequence_Reference</VALUE>
          </PROPERTY>
          <PROPERTY NAME="__GENUS" CLASSORIGIN="___SYSTEM" TYPE="sint32">
            <VALUE>2</VALUE>
          </PROPERTY>
          <PROPERTY NAME="Package" CLASSORIGIN="SMS_TaskSequence_Reference" TYPE="string">
            <QUALIFIER NAME="CIMTYPE" PROPAGATED="true" TYPE="string" TOINSTANCE="true">
              <VALUE>string</VALUE>
            </QUALIFIER>
            <VALUE>WTF00306</VALUE>
          </PROPERTY>
          <PROPERTY NAME="Program" CLASSORIGIN="SMS_TaskSequence_Reference" TYPE="string">
            <QUALIFIER NAME="CIMTYPE" PROPAGATED="true" TYPE="string" TOINSTANCE="true">
              <VALUE>string</VALUE>
            </QUALIFIER>
            <VALUE>*</VALUE>
          </PROPERTY>
          <PROPERTY NAME="Type" CLASSORIGIN="SMS_TaskSequence_Reference" TYPE="uint32">
            <QUALIFIER NAME="CIMTYPE" PROPAGATED="true" TYPE="string" TOINSTANCE="true">
              <VALUE>uint32</VALUE>
            </QUALIFIER>
            <VALUE>0</VALUE>
          </PROPERTY>
        </INSTANCE>
      </VALUE.OBJECT>
    </VALUE.OBJECTARRAY>
  </PROPERTY.OBJECTARRAY>
  <PROPERTY NAME="ReferencesCount" CLASSORIGIN="SMS_TaskSequencePackage" TYPE="uint32">
    <QUALIFIER NAME="CIMTYPE" PROPAGATED="true" TYPE="string" TOINSTANCE="true">
      <VALUE>uint32</VALUE>
    </QUALIFIER>
    <VALUE>2</VALUE>
  </PROPERTY>
  <PROPERTY NAME="RefreshPkgSourceFlag" CLASSORIGIN="SMS_PackageBaseclass" TYPE="boolean">
    <QUALIFIER NAME="CIMTYPE" PROPAGATED="true" TYPE="string" TOINSTANCE="true">
      <VALUE>boolean</VALUE>
    </QUALIFIER>
    <VALUE>FALSE</VALUE>
  </PROPERTY>
  <PROPERTY.OBJECTARRAY NAME="RefreshSchedule" CLASSORIGIN="SMS_PackageBaseclass" REFERENCECLASS="SMS_ScheduleToken">
    <QUALIFIER NAME="CIMTYPE" PROPAGATED="true" TYPE="string" TOINSTANCE="true">
      <VALUE>object:SMS_ScheduleToken</VALUE>
    </QUALIFIER>
  </PROPERTY.OBJECTARRAY>
  <PROPERTY NAME="Reserved" CLASSORIGIN="SMS_TaskSequencePackage" TYPE="string">
    <QUALIFIER NAME="CIMTYPE" PROPAGATED="true" TYPE="string" TOINSTANCE="true">
      <VALUE>string</VALUE>
    </QUALIFIER>
  </PROPERTY>
  <PROPERTY NAME="RestartRequired" CLASSORIGIN="SMS_TaskSequencePackage" TYPE="uint32">
    <QUALIFIER NAME="CIMTYPE" PROPAGATED="true" TYPE="string" TOINSTANCE="true">
      <VALUE>uint32</VALUE>
    </QUALIFIER>
    <VALUE>0</VALUE>
  </PROPERTY>
  <PROPERTY.ARRAY NAME="SecuredScopeNames" CLASSORIGIN="SMS_PackageBaseclass" TYPE="string">
    <QUALIFIER NAME="CIMTYPE" PROPAGATED="true" TYPE="string" TOINSTANCE="true">
      <VALUE>string</VALUE>
    </QUALIFIER>
    <VALUE.ARRAY>
      <VALUE>Default</VALUE>
    </VALUE.ARRAY>
  </PROPERTY.ARRAY>
  <PROPERTY NAME="SedoObjectVersion" CLASSORIGIN="SMS_PackageBaseclass" TYPE="string">
    <QUALIFIER NAME="CIMTYPE" PROPAGATED="true" TYPE="string" TOINSTANCE="true">
      <VALUE>string</VALUE>
    </QUALIFIER>
    <VALUE>EEFB955E-A614-4277-9C86-5BB8338D6EC6</VALUE>
  </PROPERTY>
  <PROPERTY NAME="Sequence" CLASSORIGIN="SMS_TaskSequencePackage" TYPE="string">
    <QUALIFIER NAME="CIMTYPE" PROPAGATED="true" TYPE="string" TOINSTANCE="true">
      <VALUE>string</VALUE>
    </QUALIFIER>
    <VALUE><![CDATA[<sequence version="3.10"><referenceList><reference package="WTF002C2"/><reference package="WTF00306"/></referenceList><group name="BIOS Configuration" description=""><group name="Dell UEFI Configuration" description=""><condition><operator type="and"><expression type="SMS_TaskSequence_WMIConditionExpression"><variable name="Namespace">root\cimv2</variable><variable name="Query">SELECT * from Win32_ComputerSystem WHERE Manufacturer LIKE "%Dell%"</variable></expression><expression type="SMS_TaskSequence_VariableConditionExpression"><variable name="Operator">equals</variable><variable name="Value">True</variable><variable name="Variable">TSType_New</variable></expression></operator></condition><step type="SMS_TaskSequence_RunPowerShellScriptAction" name="Dell Check Bios Configurations" description="" runIn="WinPEandFullOS" successCodeList="0" retryCount="0" runFromNet="false"><action>OSDRunPowerShellScript.exe</action><defaultVarList><variable name="OSDRunPowerShellScriptExecutionPolicy" property="ExecutionPolicy">Bypass</variable><variable name="OSDRunPowerShellScriptPackageID" property="PackageID">WTF002C2</variable><variable name="OSDRunPowerShellScriptParameters" property="Parameters"></variable><variable name="OSDRunPowerShellScriptScriptName" property="ScriptName">Check_Bios_Configuration.ps1</variable></defaultVarList></step><group name="Update BIOS Version - Dell Computers" description=""><condition><operator type="and"><expression type="SMS_TaskSequence_WMIConditionExpression"><variable name="Namespace">root\cimv2</variable><variable name="Query">SELECT * from Win32_ComputerSystem WHERE Manufacturer LIKE "%Dell%"</variable></expression></operator></condition><step type="SMS_TaskSequence_RunCommandLineAction" name="Dell Bios Upgrade WinPE x64" description="" runIn="WinPEandFullOS" successCodeList="0 3010" retryCount="0" runFromNet="false"><action>smsswd.exe /run:WTF00306 powershell.exe -NoProfile -ExecutionPolicy ByPass -file .\DellBiosUpgradePackage-2.0.ps1</action><defaultVarList><variable name="CommandLine" property="CommandLine" hidden="true">powershell.exe -NoProfile -ExecutionPolicy ByPass -file .\DellBiosUpgradePackage-2.0.ps1</variable><variable name="SMSTSDisableWow64Redirection" property="DisableWow64Redirection">false</variable><variable name="PackageID" property="PackageID" hidden="true">WTF00306</variable><variable name="_SMSTSRunCommandLineAsUser" property="RunAsUser">false</variable><variable name="SuccessCodes" property="SuccessCodes" hidden="true">0 3010</variable></defaultVarList></step><step type="SMS_TaskSequence_RebootAction" name="Restart Computer to Apply Bios" description="" disable="true" runIn="WinPEandFullOS" successCodeList="0" retryCount="0" runFromNet="false"><condition><expression type="SMS_TaskSequence_VariableConditionExpression"><variable name="Operator">equals</variable><variable name="Value">True</variable><variable name="Variable">SMSTS_BiosUpdateRebootRequired</variable></expression></condition><action>smsboot.exe /target:WinPE</action><defaultVarList><variable name="SMSRebootMessage" property="Message"></variable><variable name="SMSRebootTimeout" property="MessageTimeout">1</variable><variable name="SMSRebootTarget" property="Target" hidden="true">WinPE</variable></defaultVarList></step><step type="SMS_TaskSequence_RebootAction" name="Restart Computer to Upgrade BIOS" description="Return code 2 is for reboot of Dell Flash64 utility." disable="true" runIn="WinPEandFullOS" successCodeList="0" retryCount="0" runFromNet="false"><condition><operator type="and"><expression type="SMS_TaskSequence_VariableConditionExpression"><variable name="Operator">equals</variable><variable name="Value">2</variable><variable name="Variable">_SMSTSLastActionRetCode</variable></expression></operator></condition><action>smsboot.exe /target:WinPE</action><defaultVarList><variable name="SMSRebootMessage" property="Message"></variable><variable name="SMSRebootTimeout" property="MessageTimeout">1</variable><variable name="SMSRebootTarget" property="Target" hidden="true">WinPE</variable></defaultVarList></step></group><step type="SMS_TaskSequence_RunCommandLineAction" name="Update to TPM 2.0" description="http://en.community.dell.com/techcenter/enterprise-client/w/wiki/11850.how-to-change-tpm-modes-1-2-2-0" disable="true" timeout="900" runIn="WinPEandFullOS" successCodeList="0 3010" retryCount="0" runFromNet="false"><condition><operator type="and"><expression type="SMS_TaskSequence_VariableConditionExpression"><variable name="Operator">equals</variable><variable name="Value">Dell Inc.</variable><variable name="Variable">Make</variable></expression></operator></condition><action>smsswd.exe /run:WTF002C2 cmd /c .\TPM\DellTpm2.0_Fw1.3.2.8_V1_64.exe /p=BIOSPWD /noPause /s /noReboot</action><defaultVarList><variable name="CommandLine" property="CommandLine" hidden="true">cmd /c .\TPM\DellTpm2.0_Fw1.3.2.8_V1_64.exe /p=BIOSPWD /noPause /s /noReboot</variable><variable name="SMSTSDisableWow64Redirection" property="DisableWow64Redirection">false</variable><variable name="PackageID" property="PackageID" hidden="true">WTF002C2</variable><variable name="_SMSTSRunCommandLineAsUser" property="RunAsUser">false</variable><variable name="SuccessCodes" property="SuccessCodes" hidden="true">0 3010</variable></defaultVarList></step><step type="SMS_TaskSequence_RunCommandLineAction" name="Configure BIOS Settings (x86)" description="Use Dell Command | Configure to create a executable with full bios configuration" disable="true" runIn="WinPEandFullOS" successCodeList="0 3010" retryCount="0" runFromNet="false"><condition><operator type="and"><expression type="SMS_TaskSequence_VariableConditionExpression"><variable name="Operator">notEquals</variable><variable name="Value">AMD64</variable><variable name="Variable">processor_architecture</variable></expression></operator></condition><action>smsswd.exe /run:00000000 multiplatform_201801231006.exe</action><defaultVarList><variable name="CommandLine" property="CommandLine" hidden="true">multiplatform_201801231006.exe</variable><variable name="SMSTSDisableWow64Redirection" property="DisableWow64Redirection">false</variable><variable name="PackageID" property="PackageID" hidden="true">00000000</variable><variable name="_SMSTSRunCommandLineAsUser" property="RunAsUser">false</variable><variable name="SuccessCodes" property="SuccessCodes" hidden="true">0 3010</variable></defaultVarList></step><group name="Dell BIOS-UEFI Conifiguration" description=""><step type="SMS_TaskSequence_RunCommandLineAction" name="Enable Secure Boot" description="" runIn="WinPEandFullOS" successCodeList="0 3010" retryCount="0" runFromNet="false"><condition><operator type="and"><expression type="SMS_TaskSequence_VariableConditionExpression"><variable name="Operator">notEquals</variable><variable name="Value">True</variable><variable name="Variable">Dell_SecureBoot</variable></expression></operator></condition><action>smsswd.exe /run:WTF002C2 .\CCTK\X86_64\cctk.exe --secureboot=enable</action><defaultVarList><variable name="CommandLine" property="CommandLine" hidden="true">.\CCTK\X86_64\cctk.exe --secureboot=enable</variable><variable name="SMSTSDisableWow64Redirection" property="DisableWow64Redirection">false</variable><variable name="PackageID" property="PackageID" hidden="true">WTF002C2</variable><variable name="_SMSTSRunCommandLineAsUser" property="RunAsUser">false</variable><variable name="SuccessCodes" property="SuccessCodes" hidden="true">0 3010</variable></defaultVarList></step><step type="SMS_TaskSequence_RunCommandLineAction" name="Enable WakeOnLAN" description="" runIn="WinPEandFullOS" successCodeList="0 3010" retryCount="0" runFromNet="false"><condition><operator type="and"><expression type="SMS_TaskSequence_VariableConditionExpression"><variable name="Operator">notEquals</variable><variable name="Value">True</variable><variable name="Variable">Dell_WakeOnLan</variable></expression></operator></condition><action>smsswd.exe /run:WTF002C2 .\CCTK\X86_64\cctk.exe --wakeonlan=enable</action><defaultVarList><variable name="CommandLine" property="CommandLine" hidden="true">.\CCTK\X86_64\cctk.exe --wakeonlan=enable</variable><variable name="SMSTSDisableWow64Redirection" property="DisableWow64Redirection">false</variable><variable name="PackageID" property="PackageID" hidden="true">WTF002C2</variable><variable name="_SMSTSRunCommandLineAsUser" property="RunAsUser">false</variable><variable name="SuccessCodes" property="SuccessCodes" hidden="true">0 3010</variable></defaultVarList></step><step type="SMS_TaskSequence_RunCommandLineAction" name="Enable UEFI Network Stack" description="" runIn="WinPEandFullOS" successCodeList="0 3010" retryCount="0" runFromNet="false"><condition><operator type="and"><expression type="SMS_TaskSequence_VariableConditionExpression"><variable name="Operator">notEquals</variable><variable name="Value">True</variable><variable name="Variable">Dell_UefiNwStack</variable></expression></operator></condition><action>smsswd.exe /run:WTF002C2 .\CCTK\X86_64\cctk.exe --uefinwstack=enable</action><defaultVarList><variable name="CommandLine" property="CommandLine" hidden="true">.\CCTK\X86_64\cctk.exe --uefinwstack=enable</variable><variable name="SMSTSDisableWow64Redirection" property="DisableWow64Redirection">false</variable><variable name="PackageID" property="PackageID" hidden="true">WTF002C2</variable><variable name="_SMSTSRunCommandLineAsUser" property="RunAsUser">false</variable><variable name="SuccessCodes" property="SuccessCodes" hidden="true">0 3010</variable></defaultVarList></step><step type="SMS_TaskSequence_RunCommandLineAction" name="Enable Virtualization" description="" runIn="WinPEandFullOS" successCodeList="0 3010" retryCount="0" runFromNet="false"><condition><operator type="and"><expression type="SMS_TaskSequence_VariableConditionExpression"><variable name="Operator">notEquals</variable><variable name="Value">True</variable><variable name="Variable">Dell_Virtualization</variable></expression></operator></condition><action>smsswd.exe /run:WTF002C2 .\CCTK\X86_64\cctk.exe ----Virtualization=Enabled</action><defaultVarList><variable name="CommandLine" property="CommandLine" hidden="true">.\CCTK\X86_64\cctk.exe ----Virtualization=Enabled</variable><variable name="SMSTSDisableWow64Redirection" property="DisableWow64Redirection">false</variable><variable name="PackageID" property="PackageID" hidden="true">WTF002C2</variable><variable name="_SMSTSRunCommandLineAsUser" property="RunAsUser">false</variable><variable name="SuccessCodes" property="SuccessCodes" hidden="true">0 3010</variable></defaultVarList></step></group><group name="Dell TPM" description=""><condition><operator type="or"><expression type="SMS_TaskSequence_WMIConditionExpression"><variable name="Namespace">root\cimv2</variable><variable name="Query">SELECT * from Win32_ComputerSystem WHERE Manufacturer LIKE "%Dell%"</variable></expression></operator></condition><group name="TPM Configuration" description=""><condition><operator type="or"><expression type="SMS_TaskSequence_VariableConditionExpression"><variable name="Operator">notEquals</variable><variable name="Value">True</variable><variable name="Variable">Dell_tpm</variable></expression><expression type="SMS_TaskSequence_VariableConditionExpression"><variable name="Operator">notEquals</variable><variable name="Value">True</variable><variable name="Variable">Dell_tpmactivation</variable></expression></operator></condition><step type="SMS_TaskSequence_RunCommandLineAction" name="Install Dell HAPI Drivers" description="" runIn="WinPEandFullOS" successCodeList="0 3010" retryCount="0" runFromNet="false"><action>smsswd.exe /run:WTF002C2 cmd /c .\CCTK\InstallHAPI.bat</action><defaultVarList><variable name="CommandLine" property="CommandLine" hidden="true">cmd /c .\CCTK\InstallHAPI.bat</variable><variable name="SMSTSDisableWow64Redirection" property="DisableWow64Redirection">false</variable><variable name="PackageID" property="PackageID" hidden="true">WTF002C2</variable><variable name="_SMSTSRunCommandLineAsUser" property="RunAsUser">false</variable><variable name="SuccessCodes" property="SuccessCodes" hidden="true">0 3010</variable></defaultVarList></step><step type="SMS_TaskSequence_RunCommandLineAction" name="Set BIOS Password (x64)" description="Use Dell Command | Configure to create a executable with only the new bios password in it." runIn="WinPEandFullOS" successCodeList="0 3010" retryCount="0" runFromNet="false"><action>smsswd.exe /run:WTF002C2 .\CCTK\X86_64\cctk.exe --setuppwd=BIOSPWD</action><defaultVarList><variable name="CommandLine" property="CommandLine" hidden="true">.\CCTK\X86_64\cctk.exe --setuppwd=BIOSPWD</variable><variable name="SMSTSDisableWow64Redirection" property="DisableWow64Redirection">false</variable><variable name="PackageID" property="PackageID" hidden="true">WTF002C2</variable><variable name="_SMSTSRunCommandLineAsUser" property="RunAsUser">false</variable><variable name="SuccessCodes" property="SuccessCodes" hidden="true">0 3010</variable></defaultVarList></step><step type="SMS_TaskSequence_RunCommandLineAction" name="Enable TPM" description="" runIn="WinPEandFullOS" successCodeList="0 3010" retryCount="0" runFromNet="false"><action>smsswd.exe /run:WTF002C2 .\CCTK\X86_64\cctk.exe --tpm=on --valsetuppwd=BIOSPWD</action><defaultVarList><variable name="CommandLine" property="CommandLine" hidden="true">.\CCTK\X86_64\cctk.exe --tpm=on --valsetuppwd=BIOSPWD</variable><variable name="SMSTSDisableWow64Redirection" property="DisableWow64Redirection">false</variable><variable name="PackageID" property="PackageID" hidden="true">WTF002C2</variable><variable name="_SMSTSRunCommandLineAsUser" property="RunAsUser">false</variable><variable name="SuccessCodes" property="SuccessCodes" hidden="true">0 3010</variable></defaultVarList></step><step type="SMS_TaskSequence_PartitionDiskAction" name="Format and Partition Disk (UEFI)" description="For UEFI systems" runIn="WinPE" successCodeList="0" retryCount="0" runFromNet="false"><condition><expression type="SMS_TaskSequence_VariableConditionExpression"><variable name="Operator">notEquals</variable><variable name="Value">OEMMedia</variable><variable name="Variable">_SMSTSMediaType</variable></expression><expression type="SMS_TaskSequence_VariableConditionExpression"><variable name="Operator">equals</variable><variable name="Value">True</variable><variable name="Variable">TSType_New</variable></expression></condition><action>osddiskpart.exe</action><defaultVarList><variable name="OSDDiskIndex" property="DiskIndex">0</variable><variable name="OSDDiskType" property="DiskType">BASIC</variable><variable name="OSDDiskpartBiosCompatibilityMode" property="DiskpartBiosCompatibilityMode">false</variable><variable name="OSDGPTBootDisk" property="GPTBootDisk">true</variable><variable name="OSDPartitionStyle" property="PartitionStyle">GPT</variable><variable name="OSDPartitions" property="Partitions" hidden="true">2</variable><variable name="OSDPartitions0AssignVolumeLetter" property="Partitions0AssignVolumeLetter">true</variable><variable name="OSDPartitions0Bootable" property="Partitions0Bootable">false</variable><variable name="OSDPartitions0FileSystem" property="Partitions0FileSystem">FAT32</variable><variable name="OSDPartitions0QuickFormat" property="Partitions0QuickFormat">true</variable><variable name="OSDPartitions0Size" property="Partitions0Size">1000</variable><variable name="OSDPartitions0SizeUnits" property="Partitions0SizeUnits">MB</variable><variable name="OSDPartitions0Type" property="Partitions0Type">PRIMARY</variable><variable name="OSDPartitions0VolumeLetterVariable" property="Partitions0VolumeLetterVariable">TSUEFIDrive</variable><variable name="OSDPartitions0VolumeName" property="Partitions0VolumeName"></variable><variable name="OSDPartitions1AssignVolumeLetter" property="Partitions1AssignVolumeLetter">true</variable><variable name="OSDPartitions1Bootable" property="Partitions1Bootable">false</variable><variable name="OSDPartitions1FileSystem" property="Partitions1FileSystem">NTFS</variable><variable name="OSDPartitions1QuickFormat" property="Partitions1QuickFormat">true</variable><variable name="OSDPartitions1Size" property="Partitions1Size">100</variable><variable name="OSDPartitions1SizeUnits" property="Partitions1SizeUnits">PERCENT</variable><variable name="OSDPartitions1Type" property="Partitions1Type">PRIMARY</variable><variable name="OSDPartitions1VolumeLetterVariable" property="Partitions1VolumeLetterVariable"></variable><variable name="OSDPartitions1VolumeName" property="Partitions1VolumeName"></variable></defaultVarList></step><step type="SMS_TaskSequence_RebootAction" name="Restart to Windows PE" description="" runIn="WinPEandFullOS" successCodeList="0" retryCount="0" runFromNet="false"><condition><operator type="and"><expression type="SMS_TaskSequence_VariableConditionExpression"><variable name="Operator">equals</variable><variable name="Value">True</variable><variable name="Variable">TSType_New</variable></expression></operator></condition><action>smsboot.exe /target:WinPE</action><defaultVarList><variable name="SMSRebootMessage" property="Message"></variable><variable name="SMSRebootTimeout" property="MessageTimeout">1</variable><variable name="SMSRebootTarget" property="Target" hidden="true">WinPE</variable></defaultVarList></step><step type="SMS_TaskSequence_RunCommandLineAction" name="Activate TPM" description="" runIn="WinPEandFullOS" successCodeList="0 3010" retryCount="0" runFromNet="false"><action>smsswd.exe /run:WTF002C2 cmd /c .\CCTK\X86_64\cctk.exe --tpmactivation=activate --valsetuppwd=BIOSPWD</action><defaultVarList><variable name="CommandLine" property="CommandLine" hidden="true">cmd /c .\CCTK\X86_64\cctk.exe --tpmactivation=activate --valsetuppwd=BIOSPWD</variable><variable name="SMSTSDisableWow64Redirection" property="DisableWow64Redirection">false</variable><variable name="PackageID" property="PackageID" hidden="true">WTF002C2</variable><variable name="_SMSTSRunCommandLineAsUser" property="RunAsUser">false</variable><variable name="SuccessCodes" property="SuccessCodes" hidden="true">0 3010</variable></defaultVarList></step><step type="SMS_TaskSequence_RunCommandLineAction" name="Clear BIOS Password (x64)" description="Use Dell Command | Configure to create a executable with only the new bios password in it." runIn="WinPEandFullOS" successCodeList="0 3010" retryCount="0" runFromNet="false"><action>smsswd.exe /run:WTF002C2 cmd /c .\CCTK\X86_64\cctk.exe --setuppwd= --valsetuppwd=BIOSPWD</action><defaultVarList><variable name="CommandLine" property="CommandLine" hidden="true">cmd /c .\CCTK\X86_64\cctk.exe --setuppwd= --valsetuppwd=BIOSPWD</variable><variable name="SMSTSDisableWow64Redirection" property="DisableWow64Redirection">false</variable><variable name="PackageID" property="PackageID" hidden="true">WTF002C2</variable><variable name="_SMSTSRunCommandLineAsUser" property="RunAsUser">false</variable><variable name="SuccessCodes" property="SuccessCodes" hidden="true">0 3010</variable></defaultVarList></step></group><group name="TPM Already configured" description=""><condition><operator type="and"><expression type="SMS_TaskSequence_VariableConditionExpression"><variable name="Operator">equals</variable><variable name="Value">True</variable><variable name="Variable">Dell_tpmactivation</variable></expression><expression type="SMS_TaskSequence_VariableConditionExpression"><variable name="Operator">equals</variable><variable name="Value">True</variable><variable name="Variable">Dell_tpm</variable></expression><expression type="SMS_TaskSequence_VariableConditionExpression"><variable name="Operator">notEquals</variable><variable name="Value">True</variable><variable name="Variable">Dell_SecureBoot</variable></expression></operator></condition><step type="SMS_TaskSequence_PartitionDiskAction" name="Format and Partition Disk (UEFI)" description="For UEFI systems" runIn="WinPE" successCodeList="0" retryCount="0" runFromNet="false"><condition><expression type="SMS_TaskSequence_VariableConditionExpression"><variable name="Operator">notEquals</variable><variable name="Value">OEMMedia</variable><variable name="Variable">_SMSTSMediaType</variable></expression><expression type="SMS_TaskSequence_VariableConditionExpression"><variable name="Operator">equals</variable><variable name="Value">True</variable><variable name="Variable">TSType_New</variable></expression></condition><action>osddiskpart.exe</action><defaultVarList><variable name="OSDDiskIndex" property="DiskIndex">0</variable><variable name="OSDDiskType" property="DiskType">BASIC</variable><variable name="OSDDiskpartBiosCompatibilityMode" property="DiskpartBiosCompatibilityMode">false</variable><variable name="OSDGPTBootDisk" property="GPTBootDisk">true</variable><variable name="OSDPartitionStyle" property="PartitionStyle">GPT</variable><variable name="OSDPartitions" property="Partitions" hidden="true">2</variable><variable name="OSDPartitions0AssignVolumeLetter" property="Partitions0AssignVolumeLetter">true</variable><variable name="OSDPartitions0Bootable" property="Partitions0Bootable">false</variable><variable name="OSDPartitions0FileSystem" property="Partitions0FileSystem">FAT32</variable><variable name="OSDPartitions0QuickFormat" property="Partitions0QuickFormat">true</variable><variable name="OSDPartitions0Size" property="Partitions0Size">1000</variable><variable name="OSDPartitions0SizeUnits" property="Partitions0SizeUnits">MB</variable><variable name="OSDPartitions0Type" property="Partitions0Type">PRIMARY</variable><variable name="OSDPartitions0VolumeLetterVariable" property="Partitions0VolumeLetterVariable">TSUEFIDrive</variable><variable name="OSDPartitions0VolumeName" property="Partitions0VolumeName"></variable><variable name="OSDPartitions1AssignVolumeLetter" property="Partitions1AssignVolumeLetter">true</variable><variable name="OSDPartitions1Bootable" property="Partitions1Bootable">false</variable><variable name="OSDPartitions1FileSystem" property="Partitions1FileSystem">NTFS</variable><variable name="OSDPartitions1QuickFormat" property="Partitions1QuickFormat">true</variable><variable name="OSDPartitions1Size" property="Partitions1Size">100</variable><variable name="OSDPartitions1SizeUnits" property="Partitions1SizeUnits">PERCENT</variable><variable name="OSDPartitions1Type" property="Partitions1Type">PRIMARY</variable><variable name="OSDPartitions1VolumeLetterVariable" property="Partitions1VolumeLetterVariable"></variable><variable name="OSDPartitions1VolumeName" property="Partitions1VolumeName"></variable></defaultVarList></step><step type="SMS_TaskSequence_RebootAction" name="Restart to Windows PE" description="" runIn="WinPEandFullOS" successCodeList="0" retryCount="0" runFromNet="false"><condition><operator type="and"><expression type="SMS_TaskSequence_VariableConditionExpression"><variable name="Operator">equals</variable><variable name="Value">True</variable><variable name="Variable">TSType_New</variable></expression></operator></condition><action>smsboot.exe /target:WinPE</action><defaultVarList><variable name="SMSRebootMessage" property="Message"></variable><variable name="SMSRebootTimeout" property="MessageTimeout">1</variable><variable name="SMSRebootTarget" property="Target" hidden="true">WinPE</variable></defaultVarList></step></group></group><step type="SMS_TaskSequence_RunCommandLineAction" name="Configure BIOS Settings (x64)" description="Use Dell Command | Configure to create a executable with full bios configuration" disable="true" runIn="WinPEandFullOS" successCodeList="0 3010" retryCount="0" runFromNet="false"><condition><operator type="and"><expression type="SMS_TaskSequence_VariableConditionExpression"><variable name="Operator">equals</variable><variable name="Value">AMD64</variable><variable name="Variable">processor_architecture</variable></expression></operator></condition><action>smsswd.exe /run:00000000 multiplatform_201801231006_x64.exe</action><defaultVarList><variable name="CommandLine" property="CommandLine" hidden="true">multiplatform_201801231006_x64.exe</variable><variable name="SMSTSDisableWow64Redirection" property="DisableWow64Redirection">false</variable><variable name="PackageID" property="PackageID" hidden="true">00000000</variable><variable name="_SMSTSRunCommandLineAsUser" property="RunAsUser">false</variable><variable name="SuccessCodes" property="SuccessCodes" hidden="true">0 3010</variable></defaultVarList></step></group><group name="Set BIOS Settings - HP Computers" description="" disable="true"><condition><operator type="and"><expression type="SMS_TaskSequence_WMIConditionExpression"><variable name="Namespace">root\cimv2</variable><variable name="Query">Select Manufacturer FROM Win32_ComputerSystem WHERE Manufacturer LIKE "%HP%" OR Manufacturer LIKE "%Hewlett%"</variable></expression></operator></condition><step type="SMS_TaskSequence_RunCommandLineAction" name="Clear BIOS Password" description="" runIn="WinPEandFullOS" successCodeList="0 3010" retryCount="0" runFromNet="false"><action>smsswd.exe /run:00000000 BiosConfigUtility64.exe /cpwdfile:"Password.bin" /nspwdfile:""</action><defaultVarList><variable name="CommandLine" property="CommandLine" hidden="true">BiosConfigUtility64.exe /cpwdfile:"Password.bin" /nspwdfile:""</variable><variable name="SMSTSDisableWow64Redirection" property="DisableWow64Redirection">false</variable><variable name="PackageID" property="PackageID" hidden="true">00000000</variable><variable name="_SMSTSRunCommandLineAsUser" property="RunAsUser">false</variable><variable name="SuccessCodes" property="SuccessCodes" hidden="true">0 3010</variable></defaultVarList></step><step type="SMS_TaskSequence_RunCommandLineAction" name="Clear BIOS Password (Old method)" description="" runIn="WinPEandFullOS" successCodeList="0 3010" retryCount="0" runFromNet="false"><action>smsswd.exe /run:00000000 BiosConfigUtility64.exe /npwdfile:"Password.bin"</action><defaultVarList><variable name="CommandLine" property="CommandLine" hidden="true">BiosConfigUtility64.exe /npwdfile:"Password.bin"</variable><variable name="SMSTSDisableWow64Redirection" property="DisableWow64Redirection">false</variable><variable name="PackageID" property="PackageID" hidden="true">00000000</variable><variable name="_SMSTSRunCommandLineAsUser" property="RunAsUser">false</variable><variable name="SuccessCodes" property="SuccessCodes" hidden="true">0 3010</variable></defaultVarList></step><step type="SMS_TaskSequence_RebootAction" name="Restart Computer" description="" runIn="WinPEandFullOS" successCodeList="0" retryCount="0" runFromNet="false"><condition><expression type="SMS_TaskSequence_VariableConditionExpression"><variable name="Operator">equals</variable><variable name="Value">true</variable><variable name="Variable">_SMSTSLastActionSucceeded</variable></expression></condition><action>smsboot.exe /target:WinPE</action><defaultVarList><variable name="SMSRebootMessage" property="Message"></variable><variable name="SMSRebootTimeout" property="MessageTimeout">1</variable><variable name="SMSRebootTarget" property="Target" hidden="true">WinPE</variable></defaultVarList></step><step type="SMS_TaskSequence_SetDynamicVariablesAction" name="Set Variable for BIOS Settings File" description="" runIn="WinPEandFullOS" successCodeList="0" retryCount="0" runFromNet="false"><action>OSDSetDynamicVariables.exe</action><defaultVarList><variable name="OSDSetDynamicVariablesRules" property="Rules">&lt;Rules&gt;&lt;Rule&gt;&lt;condition&gt;&lt;expression type="SMS_TaskSequence_VariableConditionExpression"&gt;&lt;variable name="Operator"&gt;like&lt;/variable&gt;&lt;variable name="Value"&gt;*8300*&lt;/variable&gt;&lt;variable name="Variable"&gt;Model&lt;/variable&gt;&lt;/expression&gt;&lt;/condition&gt;&lt;Variables&gt;&lt;Variable Name="HPBiosSettings" IsSecret="false"&gt;config-8300sff-Win10.REPSET&lt;/Variable&gt;&lt;/Variables&gt;&lt;/Rule&gt;&lt;Rule&gt;&lt;condition&gt;&lt;expression type="SMS_TaskSequence_VariableConditionExpression"&gt;&lt;variable name="Operator"&gt;like&lt;/variable&gt;&lt;variable name="Value"&gt;*800 G1*&lt;/variable&gt;&lt;variable name="Variable"&gt;Model&lt;/variable&gt;&lt;/expression&gt;&lt;/condition&gt;&lt;Variables&gt;&lt;Variable Name="HPBiosSettings" IsSecret="false"&gt;config-800G1-Win10.REPSET&lt;/Variable&gt;&lt;/Variables&gt;&lt;/Rule&gt;&lt;Rule&gt;&lt;condition&gt;&lt;expression type="SMS_TaskSequence_VariableConditionExpression"&gt;&lt;variable name="Operator"&gt;like&lt;/variable&gt;&lt;variable name="Value"&gt;*800 G2*&lt;/variable&gt;&lt;variable name="Variable"&gt;Model&lt;/variable&gt;&lt;/expression&gt;&lt;/condition&gt;&lt;Variables&gt;&lt;Variable Name="HPBiosSettings" IsSecret="false"&gt;config-800G2-Win10.REPSET&lt;/Variable&gt;&lt;/Variables&gt;&lt;/Rule&gt;&lt;Rule&gt;&lt;condition&gt;&lt;expression type="SMS_TaskSequence_VariableConditionExpression"&gt;&lt;variable name="Operator"&gt;like&lt;/variable&gt;&lt;variable name="Value"&gt;*800 G3*&lt;/variable&gt;&lt;variable name="Variable"&gt;Model&lt;/variable&gt;&lt;/expression&gt;&lt;/condition&gt;&lt;Variables&gt;&lt;Variable Name="HPBiosSettings" IsSecret="false"&gt;config-800G2-Win10.REPSET&lt;/Variable&gt;&lt;/Variables&gt;&lt;/Rule&gt;&lt;Rule&gt;&lt;condition&gt;&lt;expression type="SMS_TaskSequence_VariableConditionExpression"&gt;&lt;variable name="Operator"&gt;like&lt;/variable&gt;&lt;variable name="Value"&gt;*1030 G1*&lt;/variable&gt;&lt;variable name="Variable"&gt;Model&lt;/variable&gt;&lt;/expression&gt;&lt;/condition&gt;&lt;Variables&gt;&lt;Variable Name="HPBiosSettings" IsSecret="false"&gt;config-1030g1-Win10.REPSET&lt;/Variable&gt;&lt;/Variables&gt;&lt;/Rule&gt;&lt;Rule&gt;&lt;condition&gt;&lt;expression type="SMS_TaskSequence_VariableConditionExpression"&gt;&lt;variable name="Operator"&gt;like&lt;/variable&gt;&lt;variable name="Value"&gt;*HP EliteBook Folio 1040 G3*&lt;/variable&gt;&lt;variable name="Variable"&gt;Model&lt;/variable&gt;&lt;/expression&gt;&lt;/condition&gt;&lt;Variables&gt;&lt;Variable Name="HPBiosSettings" IsSecret="false"&gt;config-1040g3-Win10.REPSET&lt;/Variable&gt;&lt;/Variables&gt;&lt;/Rule&gt;&lt;Rule&gt;&lt;condition&gt;&lt;expression type="SMS_TaskSequence_VariableConditionExpression"&gt;&lt;variable name="Operator"&gt;like&lt;/variable&gt;&lt;variable name="Value"&gt;*Z640*&lt;/variable&gt;&lt;variable name="Variable"&gt;Model&lt;/variable&gt;&lt;/expression&gt;&lt;/condition&gt;&lt;Variables&gt;&lt;Variable Name="HPBiosSettings" IsSecret="false"&gt;config-Z640-Win10.REPSET&lt;/Variable&gt;&lt;/Variables&gt;&lt;/Rule&gt;&lt;Rule&gt;&lt;condition&gt;&lt;expression type="SMS_TaskSequence_VariableConditionExpression"&gt;&lt;variable name="Operator"&gt;like&lt;/variable&gt;&lt;variable name="Value"&gt;*810 G2*&lt;/variable&gt;&lt;variable name="Variable"&gt;Model&lt;/variable&gt;&lt;/expression&gt;&lt;/condition&gt;&lt;Variables&gt;&lt;Variable Name="HPBiosSettings" IsSecret="false"&gt;config-810G2-Win10.REPSET&lt;/Variable&gt;&lt;/Variables&gt;&lt;/Rule&gt;&lt;Rule&gt;&lt;condition&gt;&lt;expression type="SMS_TaskSequence_VariableConditionExpression"&gt;&lt;variable name="Operator"&gt;like&lt;/variable&gt;&lt;variable name="Value"&gt;*HP EliteBook 820 G3*&lt;/variable&gt;&lt;variable name="Variable"&gt;Model&lt;/variable&gt;&lt;/expression&gt;&lt;/condition&gt;&lt;Variables&gt;&lt;Variable Name="HPBiosSettings" IsSecret="false"&gt;config-820G3-Win10.REPSET&lt;/Variable&gt;&lt;/Variables&gt;&lt;/Rule&gt;&lt;Rule&gt;&lt;condition&gt;&lt;expression type="SMS_TaskSequence_VariableConditionExpression"&gt;&lt;variable name="Operator"&gt;like&lt;/variable&gt;&lt;variable name="Value"&gt;*840 G3*&lt;/variable&gt;&lt;variable name="Variable"&gt;Model&lt;/variable&gt;&lt;/expression&gt;&lt;/condition&gt;&lt;Variables&gt;&lt;Variable Name="HPBiosSettings" IsSecret="false"&gt;config-840G3-Win10.REPSET&lt;/Variable&gt;&lt;/Variables&gt;&lt;/Rule&gt;&lt;Rule&gt;&lt;condition&gt;&lt;expression type="SMS_TaskSequence_VariableConditionExpression"&gt;&lt;variable name="Operator"&gt;like&lt;/variable&gt;&lt;variable name="Value"&gt;*850 G3*&lt;/variable&gt;&lt;variable name="Variable"&gt;Model&lt;/variable&gt;&lt;/expression&gt;&lt;/condition&gt;&lt;Variables&gt;&lt;Variable Name="HPBiosSettings" IsSecret="false"&gt;config-850G3-Win10.REPSET&lt;/Variable&gt;&lt;/Variables&gt;&lt;/Rule&gt;&lt;Rule&gt;&lt;condition&gt;&lt;expression type="SMS_TaskSequence_VariableConditionExpression"&gt;&lt;variable name="Operator"&gt;like&lt;/variable&gt;&lt;variable name="Value"&gt;*EliteBook 8470*&lt;/variable&gt;&lt;variable name="Variable"&gt;Model&lt;/variable&gt;&lt;/expression&gt;&lt;/condition&gt;&lt;Variables&gt;&lt;Variable Name="HPBiosSettings" IsSecret="false"&gt;config-8470-Win10.REPSET&lt;/Variable&gt;&lt;/Variables&gt;&lt;/Rule&gt;&lt;Rule&gt;&lt;condition&gt;&lt;expression type="SMS_TaskSequence_VariableConditionExpression"&gt;&lt;variable name="Operator"&gt;like&lt;/variable&gt;&lt;variable name="Value"&gt;*Folio 9470*&lt;/variable&gt;&lt;variable name="Variable"&gt;Model&lt;/variable&gt;&lt;/expression&gt;&lt;/condition&gt;&lt;Variables&gt;&lt;Variable Name="HPBiosSettings" IsSecret="false"&gt;config-9470-Win10.REPSET&lt;/Variable&gt;&lt;/Variables&gt;&lt;/Rule&gt;&lt;Rule&gt;&lt;condition&gt;&lt;expression type="SMS_TaskSequence_VariableConditionExpression"&gt;&lt;variable name="Operator"&gt;like&lt;/variable&gt;&lt;variable name="Value"&gt;*Folio 9480m*&lt;/variable&gt;&lt;variable name="Variable"&gt;Model&lt;/variable&gt;&lt;/expression&gt;&lt;/condition&gt;&lt;Variables&gt;&lt;Variable Name="HPBiosSettings" IsSecret="false"&gt;config-9480-Win10.REPSET&lt;/Variable&gt;&lt;/Variables&gt;&lt;/Rule&gt;&lt;Rule&gt;&lt;condition&gt;&lt;expression type="SMS_TaskSequence_VariableConditionExpression"&gt;&lt;variable name="Operator"&gt;like&lt;/variable&gt;&lt;variable name="Value"&gt;*ZBook 15* G3*&lt;/variable&gt;&lt;variable name="Variable"&gt;Model&lt;/variable&gt;&lt;/expression&gt;&lt;/condition&gt;&lt;Variables&gt;&lt;Variable Name="HPBiosSettings" IsSecret="false"&gt;config-840G3-Win10.REPSET&lt;/Variable&gt;&lt;/Variables&gt;&lt;/Rule&gt;&lt;/Rules&gt;
</variable></defaultVarList></step><step type="SMS_TaskSequence_RunCommandLineAction" name="Set BIOS Settings - Dynamic" description="Dynamically choose the BIOS setting file based on the model" runIn="WinPEandFullOS" successCodeList="0 3010" retryCount="0" runFromNet="false"><condition><operator type="and"><expression type="SMS_TaskSequence_VariableConditionExpression"><variable name="Operator">exists</variable><variable name="Value"></variable><variable name="Variable">HPBiosSettings</variable></expression></operator></condition><action>smsswd.exe /run:00000000 BiosConfigUtility64.exe /set:"%HPBiosSettings%" /npwdfile:"Password.bin" /logpath:"%_SMSTSLogPath%\BCU.log"</action><defaultVarList><variable name="CommandLine" property="CommandLine" hidden="true">BiosConfigUtility64.exe /set:"%HPBiosSettings%" /npwdfile:"Password.bin" /logpath:"%_SMSTSLogPath%\BCU.log"</variable><variable name="SMSTSDisableWow64Redirection" property="DisableWow64Redirection">false</variable><variable name="PackageID" property="PackageID" hidden="true">00000000</variable><variable name="_SMSTSRunCommandLineAsUser" property="RunAsUser">false</variable><variable name="SuccessCodes" property="SuccessCodes" hidden="true">0 3010</variable></defaultVarList></step><step type="SMS_TaskSequence_RunCommandLineAction" name="Set BIOS Password - Catch All" description="" runIn="WinPEandFullOS" successCodeList="0 3010" retryCount="0" runFromNet="false"><action>smsswd.exe /run:00000000 BiosConfigUtility64.exe /npwdfile:"Password.bin"</action><defaultVarList><variable name="CommandLine" property="CommandLine" hidden="true">BiosConfigUtility64.exe /npwdfile:"Password.bin"</variable><variable name="SMSTSDisableWow64Redirection" property="DisableWow64Redirection">false</variable><variable name="PackageID" property="PackageID" hidden="true">00000000</variable><variable name="_SMSTSRunCommandLineAsUser" property="RunAsUser">false</variable><variable name="SuccessCodes" property="SuccessCodes" hidden="true">0 3010</variable></defaultVarList></step></group><group name="!!!!!!!!!!!!TPM Configuration" description="" disable="true" continueOnError="true"><condition><operator type="and"><expression type="SMS_TaskSequence_VariableConditionExpression"><variable name="Operator">equals</variable><variable name="Value">True</variable><variable name="Variable">TSType_New</variable></expression></operator></condition><step type="SMS_TaskSequence_RunCommandLineAction" name="Disable TPM Autoprovisioning" description="" timeout="900" runIn="WinPEandFullOS" successCodeList="0 3010" retryCount="0" runFromNet="false"><action>smsswd.exe /run: powershell Disable-TpmAutoProvisioning -OnlyForNextRestart</action><defaultVarList><variable name="CommandLine" property="CommandLine" hidden="true">powershell Disable-TpmAutoProvisioning -OnlyForNextRestart</variable><variable name="SMSTSDisableWow64Redirection" property="DisableWow64Redirection">false</variable><variable name="_SMSTSRunCommandLineAsUser" property="RunAsUser">false</variable><variable name="SuccessCodes" property="SuccessCodes" hidden="true">0 3010</variable></defaultVarList></step><step type="SMS_TaskSequence_RunCommandLineAction" name="Clear TPM" description="" timeout="900" runIn="WinPEandFullOS" successCodeList="0 3010" retryCount="0" runFromNet="false"><action>smsswd.exe /run: powershell Clear-Tpm</action><defaultVarList><variable name="CommandLine" property="CommandLine" hidden="true">powershell Clear-Tpm</variable><variable name="SMSTSDisableWow64Redirection" property="DisableWow64Redirection">false</variable><variable name="_SMSTSRunCommandLineAsUser" property="RunAsUser">false</variable><variable name="SuccessCodes" property="SuccessCodes" hidden="true">0 3010</variable></defaultVarList></step></group><group name="MBR to GPT Conversion" description=""><condition><operator type="and"><expression type="SMS_TaskSequence_VariableConditionExpression"><variable name="Operator">notEquals</variable><variable name="Value">True</variable><variable name="Variable">_SMSTSBootUEFI</variable></expression><expression type="SMS_TaskSequence_VariableConditionExpression"><variable name="Operator">equals</variable><variable name="Value">True</variable><variable name="Variable">TSType_Upgrade</variable></expression></operator></condition><group name="Vendor Tools" description=""><group name="Dell" description=""><condition><expression type="SMS_TaskSequence_WMIConditionExpression"><variable name="Namespace">root\cimv2</variable><variable name="Query">Select * from Win32_ComputerSystem where Manufacturer like '%DELL%'</variable></expression></condition><group name="Dell BIOS-UEFI Conifiguration" description=""><condition><operator type="or"><expression type="SMS_TaskSequence_VariableConditionExpression"><variable name="Operator">notEquals</variable><variable name="Value">True</variable><variable name="Variable">_SMSTSBootUEFI</variable></expression></operator></condition><step type="SMS_TaskSequence_RunCommandLineAction" name="Enable Secure Boot" description="" runIn="WinPEandFullOS" successCodeList="0 3010" retryCount="0" runFromNet="false"><condition><operator type="and"><expression type="SMS_TaskSequence_VariableConditionExpression"><variable name="Operator">notEquals</variable><variable name="Value">True</variable><variable name="Variable">Dell_SecureBoot</variable></expression></operator></condition><action>smsswd.exe /run:WTF002C2 .\CCTK\X86_64\cctk.exe --secureboot=enable</action><defaultVarList><variable name="CommandLine" property="CommandLine" hidden="true">.\CCTK\X86_64\cctk.exe --secureboot=enable</variable><variable name="SMSTSDisableWow64Redirection" property="DisableWow64Redirection">false</variable><variable name="PackageID" property="PackageID" hidden="true">WTF002C2</variable><variable name="_SMSTSRunCommandLineAsUser" property="RunAsUser">false</variable><variable name="SuccessCodes" property="SuccessCodes" hidden="true">0 3010</variable></defaultVarList></step><step type="SMS_TaskSequence_RunCommandLineAction" name="Enable WakeOnLAN" description="" runIn="WinPEandFullOS" successCodeList="0 3010" retryCount="0" runFromNet="false"><condition><operator type="and"><expression type="SMS_TaskSequence_VariableConditionExpression"><variable name="Operator">notEquals</variable><variable name="Value">True</variable><variable name="Variable">Dell_WakeOnLan</variable></expression></operator></condition><action>smsswd.exe /run:WTF002C2 .\CCTK\X86_64\cctk.exe --wakeonlan=enable</action><defaultVarList><variable name="CommandLine" property="CommandLine" hidden="true">.\CCTK\X86_64\cctk.exe --wakeonlan=enable</variable><variable name="SMSTSDisableWow64Redirection" property="DisableWow64Redirection">false</variable><variable name="PackageID" property="PackageID" hidden="true">WTF002C2</variable><variable name="_SMSTSRunCommandLineAsUser" property="RunAsUser">false</variable><variable name="SuccessCodes" property="SuccessCodes" hidden="true">0 3010</variable></defaultVarList></step><step type="SMS_TaskSequence_RunCommandLineAction" name="Enable UEFI Network Stack" description="" runIn="WinPEandFullOS" successCodeList="0 3010" retryCount="0" runFromNet="false"><condition><operator type="and"><expression type="SMS_TaskSequence_VariableConditionExpression"><variable name="Operator">notEquals</variable><variable name="Value">True</variable><variable name="Variable">Dell_UefiNwStack</variable></expression></operator></condition><action>smsswd.exe /run:WTF002C2 .\CCTK\X86_64\cctk.exe --uefinwstack=enable</action><defaultVarList><variable name="CommandLine" property="CommandLine" hidden="true">.\CCTK\X86_64\cctk.exe --uefinwstack=enable</variable><variable name="SMSTSDisableWow64Redirection" property="DisableWow64Redirection">false</variable><variable name="PackageID" property="PackageID" hidden="true">WTF002C2</variable><variable name="_SMSTSRunCommandLineAsUser" property="RunAsUser">false</variable><variable name="SuccessCodes" property="SuccessCodes" hidden="true">0 3010</variable></defaultVarList></step><step type="SMS_TaskSequence_RunCommandLineAction" name="Enable Virtualization" description="" runIn="WinPEandFullOS" successCodeList="0 3010" retryCount="0" runFromNet="false"><condition><operator type="and"><expression type="SMS_TaskSequence_VariableConditionExpression"><variable name="Operator">notEquals</variable><variable name="Value">True</variable><variable name="Variable">Dell_Virtualization</variable></expression></operator></condition><action>smsswd.exe /run:WTF002C2 .\CCTK\X86_64\cctk.exe ----Virtualization=Enabled</action><defaultVarList><variable name="CommandLine" property="CommandLine" hidden="true">.\CCTK\X86_64\cctk.exe ----Virtualization=Enabled</variable><variable name="SMSTSDisableWow64Redirection" property="DisableWow64Redirection">false</variable><variable name="PackageID" property="PackageID" hidden="true">WTF002C2</variable><variable name="_SMSTSRunCommandLineAsUser" property="RunAsUser">false</variable><variable name="SuccessCodes" property="SuccessCodes" hidden="true">0 3010</variable></defaultVarList></step></group></group><group name="HP" description="" disable="true"><condition><operator type="or"><expression type="SMS_TaskSequence_WMIConditionExpression"><variable name="Namespace">root\cimv2</variable><variable name="Query">Select * from Win32_ComputerSystem where Manufacturer like '%hp%'</variable></expression><expression type="SMS_TaskSequence_WMIConditionExpression"><variable name="Namespace">root\cimv2</variable><variable name="Query">Select * from Win32_ComputerSystem where Manufacturer like '%hewlett-packard%'</variable></expression></operator></condition><step type="SMS_TaskSequence_RunCommandLineAction" name="Enable UEFI and SecureBoot" description="" runIn="WinPEandFullOS" successCodeList="0 3010" retryCount="0" runFromNet="false"><action>smsswd.exe /run: BiosConfigUtility.exe /set:EnableUEFI-SecBoot.txt /l /verbose</action><defaultVarList><variable name="CommandLine" property="CommandLine" hidden="true">BiosConfigUtility.exe /set:EnableUEFI-SecBoot.txt /l /verbose</variable><variable name="SMSTSDisableWow64Redirection" property="DisableWow64Redirection">false</variable><variable name="_SMSTSRunCommandLineAsUser" property="RunAsUser">false</variable><variable name="SuccessCodes" property="SuccessCodes" hidden="true">0 3010</variable></defaultVarList></step></group><group name="Lenovo" description="" disable="true"><condition><expression type="SMS_TaskSequence_WMIConditionExpression"><variable name="Namespace">root\cimv2</variable><variable name="Query">Select * from Win32_ComputerSystem where Manufacturer like '%Lenovo%'</variable></expression></condition><step type="SMS_TaskSequence_RunCommandLineAction" name="Enable UEFI" description="" runIn="WinPEandFullOS" successCodeList="0 3010" retryCount="0" runFromNet="false"><action>smsswd.exe /run: cscript.exe .\SetConfig.vbs</action><defaultVarList><variable name="CommandLine" property="CommandLine" hidden="true">cscript.exe .\SetConfig.vbs</variable><variable name="SMSTSDisableWow64Redirection" property="DisableWow64Redirection">false</variable><variable name="_SMSTSRunCommandLineAsUser" property="RunAsUser">false</variable><variable name="SuccessCodes" property="SuccessCodes" hidden="true">0 3010</variable></defaultVarList></step><step type="SMS_TaskSequence_RunCommandLineAction" name="Enable Secure Boot" description="" runIn="WinPEandFullOS" successCodeList="0 3010" retryCount="0" runFromNet="false"><action>smsswd.exe /run: cscript.exe .\SetConfig.vbs SecureBoot Enable</action><defaultVarList><variable name="CommandLine" property="CommandLine" hidden="true">cscript.exe .\SetConfig.vbs SecureBoot Enable</variable><variable name="SMSTSDisableWow64Redirection" property="DisableWow64Redirection">false</variable><variable name="_SMSTSRunCommandLineAsUser" property="RunAsUser">false</variable><variable name="SuccessCodes" property="SuccessCodes" hidden="true">0 3010</variable></defaultVarList></step><step type="SMS_TaskSequence_RunCommandLineAction" name="Enable Virtualization" description="" runIn="WinPEandFullOS" successCodeList="0 3010" retryCount="0" runFromNet="false"><action>smsswd.exe /run: cscript.exe .\SetConfig.vbs VirtualizationTechnology Enable</action><defaultVarList><variable name="CommandLine" property="CommandLine" hidden="true">cscript.exe .\SetConfig.vbs VirtualizationTechnology Enable</variable><variable name="SMSTSDisableWow64Redirection" property="DisableWow64Redirection">false</variable><variable name="_SMSTSRunCommandLineAsUser" property="RunAsUser">false</variable><variable name="SuccessCodes" property="SuccessCodes" hidden="true">0 3010</variable></defaultVarList></step></group></group><step type="SMS_TaskSequence_RunCommandLineAction" name="Convert Disk to GPT" description="" timeout="3600" runIn="WinPEandFullOS" successCodeList="0 3010" retryCount="0" runFromNet="false"><action>smsswd.exe /run: MBR2GPT /convert</action><defaultVarList><variable name="CommandLine" property="CommandLine" hidden="true">MBR2GPT /convert</variable><variable name="SMSTSDisableWow64Redirection" property="DisableWow64Redirection">false</variable><variable name="_SMSTSRunCommandLineAsUser" property="RunAsUser">false</variable><variable name="SuccessCodes" property="SuccessCodes" hidden="true">0 3010</variable></defaultVarList></step></group></group></sequence>
]]></VALUE>
  </PROPERTY>
  <PROPERTY NAME="ShareName" CLASSORIGIN="SMS_PackageBaseclass" TYPE="string">
    <QUALIFIER NAME="CIMTYPE" PROPAGATED="true" TYPE="string" TOINSTANCE="true">
      <VALUE>string</VALUE>
    </QUALIFIER>
    <VALUE></VALUE>
  </PROPERTY>
  <PROPERTY NAME="ShareType" CLASSORIGIN="SMS_PackageBaseclass" TYPE="uint32">
    <QUALIFIER NAME="CIMTYPE" PROPAGATED="true" TYPE="string" TOINSTANCE="true">
      <VALUE>uint32</VALUE>
    </QUALIFIER>
    <VALUE>1</VALUE>
  </PROPERTY>
  <PROPERTY NAME="SourceDate" CLASSORIGIN="SMS_PackageBaseclass" TYPE="datetime">
    <QUALIFIER NAME="CIMTYPE" PROPAGATED="true" TYPE="string" TOINSTANCE="true">
      <VALUE>datetime</VALUE>
    </QUALIFIER>
    <VALUE>20180803180715.000000+000</VALUE>
  </PROPERTY>
  <PROPERTY NAME="SourceSite" CLASSORIGIN="SMS_PackageBaseclass" TYPE="string">
    <QUALIFIER NAME="CIMTYPE" PROPAGATED="true" TYPE="string" TOINSTANCE="true">
      <VALUE>string</VALUE>
    </QUALIFIER>
    <VALUE>WTF</VALUE>
  </PROPERTY>
  <PROPERTY NAME="SourceVersion" CLASSORIGIN="SMS_PackageBaseclass" TYPE="uint32">
    <QUALIFIER NAME="CIMTYPE" PROPAGATED="true" TYPE="string" TOINSTANCE="true">
      <VALUE>uint32</VALUE>
    </QUALIFIER>
    <VALUE>1</VALUE>
  </PROPERTY>
  <PROPERTY NAME="StoredPkgPath" CLASSORIGIN="SMS_PackageBaseclass" TYPE="string">
    <QUALIFIER NAME="CIMTYPE" PROPAGATED="true" TYPE="string" TOINSTANCE="true">
      <VALUE>string</VALUE>
    </QUALIFIER>
    <VALUE></VALUE>
  </PROPERTY>
  <PROPERTY NAME="StoredPkgVersion" CLASSORIGIN="SMS_PackageBaseclass" TYPE="uint32">
    <QUALIFIER NAME="CIMTYPE" PROPAGATED="true" TYPE="string" TOINSTANCE="true">
      <VALUE>uint32</VALUE>
    </QUALIFIER>
    <VALUE>1</VALUE>
  </PROPERTY>
  <PROPERTY.OBJECTARRAY NAME="SupportedOperatingSystems" CLASSORIGIN="SMS_TaskSequencePackage" REFERENCECLASS="SMS_OS_Details">
    <QUALIFIER NAME="CIMTYPE" PROPAGATED="true" TYPE="string" TOINSTANCE="true">
      <VALUE>object:SMS_OS_Details</VALUE>
    </QUALIFIER>
    <VALUE.OBJECTARRAY></VALUE.OBJECTARRAY>
  </PROPERTY.OBJECTARRAY>
  <PROPERTY NAME="TaskSequenceFlags" CLASSORIGIN="SMS_TaskSequencePackage" TYPE="uint32">
    <QUALIFIER NAME="CIMTYPE" PROPAGATED="true" TYPE="string" TOINSTANCE="true">
      <VALUE>uint32</VALUE>
    </QUALIFIER>
    <VALUE>0</VALUE>
  </PROPERTY>
  <PROPERTY NAME="TsEnabled" CLASSORIGIN="SMS_TaskSequencePackage" TYPE="boolean">
    <QUALIFIER NAME="CIMTYPE" PROPAGATED="true" TYPE="string" TOINSTANCE="true">
      <VALUE>boolean</VALUE>
    </QUALIFIER>
  </PROPERTY>
  <PROPERTY NAME="Type" CLASSORIGIN="SMS_TaskSequencePackage" TYPE="uint32">
    <QUALIFIER NAME="CIMTYPE" PROPAGATED="true" TYPE="string" TOINSTANCE="true">
      <VALUE>uint32</VALUE>
    </QUALIFIER>
    <VALUE>2</VALUE>
  </PROPERTY>
  <PROPERTY NAME="Version" CLASSORIGIN="SMS_PackageBaseclass" TYPE="string">
    <QUALIFIER NAME="CIMTYPE" PROPAGATED="true" TYPE="string" TOINSTANCE="true">
      <VALUE>string</VALUE>
    </QUALIFIER>
    <VALUE></VALUE>
  </PROPERTY>
</INSTANCE>