﻿<LibraryDocument xmlns:xsi="http://www.w3.org/2001/XMLSchema-instance" xmlns:xsd="http://www.w3.org/2001/XMLSchema">
  <Properties>
    <Property Name="AUTHORING_SCOPE" Value="ScopeId_75FB8287-4465-4B70-96EB-87D824C9E3D0" />
  </Properties>
  <Contents />
  <EntryObjects>
    <Object Path="SMS_TaskSequencePackage.PackageID='CHQ00016'" Type="SMS_TaskSequencePackage" />
    <Object Path="SMS_TaskSequencePackage.PackageID='CHQ0000F'" Type="SMS_TaskSequencePackage" />
    <Object Path="SMS_TaskSequencePackage.PackageID='CHQ00011'" Type="SMS_TaskSequencePackage" />
    <Object Path="SMS_TaskSequencePackage.PackageID='CHQ00012'" Type="SMS_TaskSequencePackage" />
    <Object Path="SMS_TaskSequencePackage.PackageID='CHQ00013'" Type="SMS_TaskSequencePackage" />
    <Object Path="SMS_TaskSequencePackage.PackageID='CHQ00014'" Type="SMS_TaskSequencePackage" />
    <Object Path="SMS_TaskSequencePackage.PackageID='CHQ00018'" Type="SMS_TaskSequencePackage" />
    <Object Path="SMS_TaskSequencePackage.PackageID='CHQ00015'" Type="SMS_TaskSequencePackage" />
  </EntryObjects>
</LibraryDocument>