﻿<ArrayOfString xmlns:xsi="http://www.w3.org/2001/XMLSchema-instance" xmlns:xsd="http://www.w3.org/2001/XMLSchema">
  <string>&lt;INSTANCE CLASSNAME="SMS_TaskSequenceReferencesInfo"&gt;
  &lt;PROPERTY TYPE="string" NAME="__RELPATH"&gt;
    &lt;VALUE&gt;&lt;/VALUE&gt;
  &lt;/PROPERTY&gt;
  &lt;PROPERTY NAME="PackageID" TYPE="string"&gt;
    &lt;VALUE&gt;CHQ0001F&lt;/VALUE&gt;
  &lt;/PROPERTY&gt;
  &lt;PROPERTY NAME="ProgramName" TYPE="string"&gt;
    &lt;VALUE&gt;*&lt;/VALUE&gt;
  &lt;/PROPERTY&gt;
  &lt;PROPERTY NAME="ReferenceDescription" TYPE="string"&gt;
    &lt;VALUE&gt;This package is automatically created and distributed so that client can upgrade itself from the closest distribution point.&lt;/VALUE&gt;
  &lt;/PROPERTY&gt;
  &lt;PROPERTY NAME="ReferenceName" TYPE="string"&gt;
    &lt;VALUE&gt;Configuration Manager Client Package&lt;/VALUE&gt;
  &lt;/PROPERTY&gt;
  &lt;PROPERTY NAME="ReferencePackageID" TYPE="string"&gt;
    &lt;VALUE&gt;CHQ00002&lt;/VALUE&gt;
  &lt;/PROPERTY&gt;
  &lt;PROPERTY NAME="ReferencePackageType" TYPE="uint32"&gt;
    &lt;VALUE&gt;0&lt;/VALUE&gt;
  &lt;/PROPERTY&gt;
  &lt;PROPERTY NAME="ReferenceProgramName" TYPE="string"&gt;
    &lt;VALUE&gt;*&lt;/VALUE&gt;
  &lt;/PROPERTY&gt;
  &lt;PROPERTY NAME="ReferenceVersion" TYPE="string"&gt;
    &lt;VALUE&gt;&lt;/VALUE&gt;
  &lt;/PROPERTY&gt;
&lt;/INSTANCE&gt;</string>
  <string>&lt;INSTANCE CLASSNAME="SMS_TaskSequenceReferencesInfo"&gt;
  &lt;PROPERTY TYPE="string" NAME="__RELPATH"&gt;
    &lt;VALUE&gt;&lt;/VALUE&gt;
  &lt;/PROPERTY&gt;
  &lt;PROPERTY NAME="PackageID" TYPE="string"&gt;
    &lt;VALUE&gt;CHQ0001F&lt;/VALUE&gt;
  &lt;/PROPERTY&gt;
  &lt;PROPERTY NAME="ProgramName" TYPE="string"&gt;
    &lt;VALUE&gt;*&lt;/VALUE&gt;
  &lt;/PROPERTY&gt;
  &lt;PROPERTY NAME="ReferenceDescription" TYPE="string"&gt;
    &lt;VALUE&gt;&lt;/VALUE&gt;
  &lt;/PROPERTY&gt;
  &lt;PROPERTY NAME="ReferenceName" TYPE="string"&gt;
    &lt;VALUE&gt;OSD - Drivers&lt;/VALUE&gt;
  &lt;/PROPERTY&gt;
  &lt;PROPERTY NAME="ReferencePackageID" TYPE="string"&gt;
    &lt;VALUE&gt;CHQ0001D&lt;/VALUE&gt;
  &lt;/PROPERTY&gt;
  &lt;PROPERTY NAME="ReferencePackageType" TYPE="uint32"&gt;
    &lt;VALUE&gt;4&lt;/VALUE&gt;
  &lt;/PROPERTY&gt;
  &lt;PROPERTY NAME="ReferenceProgramName" TYPE="string"&gt;
    &lt;VALUE&gt;*&lt;/VALUE&gt;
  &lt;/PROPERTY&gt;
  &lt;PROPERTY NAME="ReferenceVersion" TYPE="string"&gt;
    &lt;VALUE&gt;&lt;/VALUE&gt;
  &lt;/PROPERTY&gt;
&lt;/INSTANCE&gt;</string>
  <string>&lt;INSTANCE CLASSNAME="SMS_TaskSequenceReferencesInfo"&gt;
  &lt;PROPERTY TYPE="string" NAME="__RELPATH"&gt;
    &lt;VALUE&gt;&lt;/VALUE&gt;
  &lt;/PROPERTY&gt;
  &lt;PROPERTY NAME="PackageID" TYPE="string"&gt;
    &lt;VALUE&gt;CHQ0001F&lt;/VALUE&gt;
  &lt;/PROPERTY&gt;
  &lt;PROPERTY NAME="ProgramName" TYPE="string"&gt;
    &lt;VALUE&gt;*&lt;/VALUE&gt;
  &lt;/PROPERTY&gt;
  &lt;PROPERTY NAME="ReferenceDescription" TYPE="string"&gt;
    &lt;VALUE&gt;&lt;/VALUE&gt;
  &lt;/PROPERTY&gt;
  &lt;PROPERTY NAME="ReferenceName" TYPE="string"&gt;
    &lt;VALUE&gt;Fake Win10&lt;/VALUE&gt;
  &lt;/PROPERTY&gt;
  &lt;PROPERTY NAME="ReferencePackageID" TYPE="string"&gt;
    &lt;VALUE&gt;CHQ00024&lt;/VALUE&gt;
  &lt;/PROPERTY&gt;
  &lt;PROPERTY NAME="ReferencePackageType" TYPE="uint32"&gt;
    &lt;VALUE&gt;259&lt;/VALUE&gt;
  &lt;/PROPERTY&gt;
  &lt;PROPERTY NAME="ReferenceProgramName" TYPE="string"&gt;
    &lt;VALUE&gt;*&lt;/VALUE&gt;
  &lt;/PROPERTY&gt;
  &lt;PROPERTY NAME="ReferenceVersion" TYPE="string"&gt;
    &lt;VALUE&gt;&lt;/VALUE&gt;
  &lt;/PROPERTY&gt;
&lt;/INSTANCE&gt;</string>
  <string>&lt;INSTANCE CLASSNAME="SMS_TaskSequenceReferencesInfo"&gt;
  &lt;PROPERTY TYPE="string" NAME="__RELPATH"&gt;
    &lt;VALUE&gt;&lt;/VALUE&gt;
  &lt;/PROPERTY&gt;
  &lt;PROPERTY NAME="PackageID" TYPE="string"&gt;
    &lt;VALUE&gt;CHQ0001F&lt;/VALUE&gt;
  &lt;/PROPERTY&gt;
  &lt;PROPERTY NAME="ProgramName" TYPE="string"&gt;
    &lt;VALUE&gt;*&lt;/VALUE&gt;
  &lt;/PROPERTY&gt;
  &lt;PROPERTY NAME="ReferenceDescription" TYPE="string"&gt;
    &lt;VALUE&gt;&lt;/VALUE&gt;
  &lt;/PROPERTY&gt;
  &lt;PROPERTY NAME="ReferenceName" TYPE="string"&gt;
    &lt;VALUE&gt;OSD Configuration&lt;/VALUE&gt;
  &lt;/PROPERTY&gt;
  &lt;PROPERTY NAME="ReferencePackageID" TYPE="string"&gt;
    &lt;VALUE&gt;CHQ00025&lt;/VALUE&gt;
  &lt;/PROPERTY&gt;
  &lt;PROPERTY NAME="ReferencePackageType" TYPE="uint32"&gt;
    &lt;VALUE&gt;0&lt;/VALUE&gt;
  &lt;/PROPERTY&gt;
  &lt;PROPERTY NAME="ReferenceProgramName" TYPE="string"&gt;
    &lt;VALUE&gt;*&lt;/VALUE&gt;
  &lt;/PROPERTY&gt;
  &lt;PROPERTY NAME="ReferenceVersion" TYPE="string"&gt;
    &lt;VALUE&gt;&lt;/VALUE&gt;
  &lt;/PROPERTY&gt;
&lt;/INSTANCE&gt;</string>
</ArrayOfString>