﻿<ArrayOfString xmlns:xsd="http://www.w3.org/2001/XMLSchema" xmlns:xsi="http://www.w3.org/2001/XMLSchema-instance">
  <string>&lt;INSTANCE CLASSNAME="SMS_TaskSequenceReferencesInfo"&gt;
  &lt;PROPERTY TYPE="string" NAME="__RELPATH"&gt;
    &lt;VALUE&gt;&lt;/VALUE&gt;
  &lt;/PROPERTY&gt;
  &lt;PROPERTY NAME="PackageID" TYPE="string"&gt;
    &lt;VALUE&gt;CHQ00017&lt;/VALUE&gt;
  &lt;/PROPERTY&gt;
  &lt;PROPERTY NAME="ProgramName" TYPE="string"&gt;
    &lt;VALUE&gt;*&lt;/VALUE&gt;
  &lt;/PROPERTY&gt;
  &lt;PROPERTY NAME="ReferenceDescription" TYPE="string"&gt;
    &lt;VALUE&gt;This package is automatically created and distributed so that client can upgrade itself from the closest distribution point.&lt;/VALUE&gt;
  &lt;/PROPERTY&gt;
  &lt;PROPERTY NAME="ReferenceName" TYPE="string"&gt;
    &lt;VALUE&gt;Configuration Manager Client Package&lt;/VALUE&gt;
  &lt;/PROPERTY&gt;
  &lt;PROPERTY NAME="ReferencePackageID" TYPE="string"&gt;
    &lt;VALUE&gt;CHQ00002&lt;/VALUE&gt;
  &lt;/PROPERTY&gt;
  &lt;PROPERTY NAME="ReferencePackageType" TYPE="uint32"&gt;
    &lt;VALUE&gt;0&lt;/VALUE&gt;
  &lt;/PROPERTY&gt;
  &lt;PROPERTY NAME="ReferenceProgramName" TYPE="string"&gt;
    &lt;VALUE&gt;*&lt;/VALUE&gt;
  &lt;/PROPERTY&gt;
  &lt;PROPERTY NAME="ReferenceVersion" TYPE="string"&gt;
    &lt;VALUE&gt;&lt;/VALUE&gt;
  &lt;/PROPERTY&gt;
&lt;/INSTANCE&gt;</string>
  <string>&lt;INSTANCE CLASSNAME="SMS_TaskSequenceReferencesInfo"&gt;
  &lt;PROPERTY TYPE="string" NAME="__RELPATH"&gt;
    &lt;VALUE&gt;&lt;/VALUE&gt;
  &lt;/PROPERTY&gt;
  &lt;PROPERTY NAME="PackageID" TYPE="string"&gt;
    &lt;VALUE&gt;CHQ00017&lt;/VALUE&gt;
  &lt;/PROPERTY&gt;
  &lt;PROPERTY NAME="ProgramName" TYPE="string"&gt;
    &lt;VALUE&gt;*&lt;/VALUE&gt;
  &lt;/PROPERTY&gt;
  &lt;PROPERTY NAME="ReferenceDescription" TYPE="string"&gt;
    &lt;VALUE&gt;This boot image is created during setup.&lt;/VALUE&gt;
  &lt;/PROPERTY&gt;
  &lt;PROPERTY NAME="ReferenceName" TYPE="string"&gt;
    &lt;VALUE&gt;Boot image (x64)&lt;/VALUE&gt;
  &lt;/PROPERTY&gt;
  &lt;PROPERTY NAME="ReferencePackageID" TYPE="string"&gt;
    &lt;VALUE&gt;CHQ00005&lt;/VALUE&gt;
  &lt;/PROPERTY&gt;
  &lt;PROPERTY NAME="ReferencePackageType" TYPE="uint32"&gt;
    &lt;VALUE&gt;258&lt;/VALUE&gt;
  &lt;/PROPERTY&gt;
  &lt;PROPERTY NAME="ReferenceProgramName" TYPE="string"&gt;
    &lt;VALUE&gt;*&lt;/VALUE&gt;
  &lt;/PROPERTY&gt;
  &lt;PROPERTY NAME="ReferenceVersion" TYPE="string"&gt;
    &lt;VALUE&gt;10.0.17763.1&lt;/VALUE&gt;
  &lt;/PROPERTY&gt;
&lt;/INSTANCE&gt;</string>
  <string>&lt;INSTANCE CLASSNAME="SMS_TaskSequenceReferencesInfo"&gt;
  &lt;PROPERTY TYPE="string" NAME="__RELPATH"&gt;
    &lt;VALUE&gt;&lt;/VALUE&gt;
  &lt;/PROPERTY&gt;
  &lt;PROPERTY NAME="PackageID" TYPE="string"&gt;
    &lt;VALUE&gt;CHQ00017&lt;/VALUE&gt;
  &lt;/PROPERTY&gt;
  &lt;PROPERTY NAME="ProgramName" TYPE="string"&gt;
    &lt;VALUE&gt;*&lt;/VALUE&gt;
  &lt;/PROPERTY&gt;
  &lt;PROPERTY NAME="ReferenceDescription" TYPE="string"&gt;
    &lt;VALUE&gt;Configuration files to support OSD (scripts, reg keys, etc).  https://github.com/winadminsdotorg/SystemCenterConfigMgr&lt;/VALUE&gt;
  &lt;/PROPERTY&gt;
  &lt;PROPERTY NAME="ReferenceName" TYPE="string"&gt;
    &lt;VALUE&gt;OSD Configuration&lt;/VALUE&gt;
  &lt;/PROPERTY&gt;
  &lt;PROPERTY NAME="ReferencePackageID" TYPE="string"&gt;
    &lt;VALUE&gt;CHQ00011&lt;/VALUE&gt;
  &lt;/PROPERTY&gt;
  &lt;PROPERTY NAME="ReferencePackageType" TYPE="uint32"&gt;
    &lt;VALUE&gt;0&lt;/VALUE&gt;
  &lt;/PROPERTY&gt;
  &lt;PROPERTY NAME="ReferenceProgramName" TYPE="string"&gt;
    &lt;VALUE&gt;*&lt;/VALUE&gt;
  &lt;/PROPERTY&gt;
  &lt;PROPERTY NAME="ReferenceVersion" TYPE="string"&gt;
    &lt;VALUE&gt;1.0&lt;/VALUE&gt;
  &lt;/PROPERTY&gt;
&lt;/INSTANCE&gt;</string>
  <string>&lt;INSTANCE CLASSNAME="SMS_TaskSequenceReferencesInfo"&gt;
  &lt;PROPERTY TYPE="string" NAME="__RELPATH"&gt;
    &lt;VALUE&gt;&lt;/VALUE&gt;
  &lt;/PROPERTY&gt;
  &lt;PROPERTY NAME="PackageID" TYPE="string"&gt;
    &lt;VALUE&gt;CHQ00017&lt;/VALUE&gt;
  &lt;/PROPERTY&gt;
  &lt;PROPERTY NAME="ProgramName" TYPE="string"&gt;
    &lt;VALUE&gt;*&lt;/VALUE&gt;
  &lt;/PROPERTY&gt;
  &lt;PROPERTY NAME="ReferenceDescription" TYPE="string"&gt;
    &lt;VALUE&gt;&lt;/VALUE&gt;
  &lt;/PROPERTY&gt;
  &lt;PROPERTY NAME="ReferenceName" TYPE="string"&gt;
    &lt;VALUE&gt;OSD - Applications&lt;/VALUE&gt;
  &lt;/PROPERTY&gt;
  &lt;PROPERTY NAME="ReferencePackageID" TYPE="string"&gt;
    &lt;VALUE&gt;CHQ00012&lt;/VALUE&gt;
  &lt;/PROPERTY&gt;
  &lt;PROPERTY NAME="ReferencePackageType" TYPE="uint32"&gt;
    &lt;VALUE&gt;4&lt;/VALUE&gt;
  &lt;/PROPERTY&gt;
  &lt;PROPERTY NAME="ReferenceProgramName" TYPE="string"&gt;
    &lt;VALUE&gt;*&lt;/VALUE&gt;
  &lt;/PROPERTY&gt;
  &lt;PROPERTY NAME="ReferenceVersion" TYPE="string"&gt;
    &lt;VALUE&gt;&lt;/VALUE&gt;
  &lt;/PROPERTY&gt;
&lt;/INSTANCE&gt;</string>
  <string>&lt;INSTANCE CLASSNAME="SMS_TaskSequenceReferencesInfo"&gt;
  &lt;PROPERTY TYPE="string" NAME="__RELPATH"&gt;
    &lt;VALUE&gt;&lt;/VALUE&gt;
  &lt;/PROPERTY&gt;
  &lt;PROPERTY NAME="PackageID" TYPE="string"&gt;
    &lt;VALUE&gt;CHQ00017&lt;/VALUE&gt;
  &lt;/PROPERTY&gt;
  &lt;PROPERTY NAME="ProgramName" TYPE="string"&gt;
    &lt;VALUE&gt;*&lt;/VALUE&gt;
  &lt;/PROPERTY&gt;
  &lt;PROPERTY NAME="ReferenceDescription" TYPE="string"&gt;
    &lt;VALUE&gt;&lt;/VALUE&gt;
  &lt;/PROPERTY&gt;
  &lt;PROPERTY NAME="ReferenceName" TYPE="string"&gt;
    &lt;VALUE&gt;OSD - BIOS Configuration&lt;/VALUE&gt;
  &lt;/PROPERTY&gt;
  &lt;PROPERTY NAME="ReferencePackageID" TYPE="string"&gt;
    &lt;VALUE&gt;CHQ00013&lt;/VALUE&gt;
  &lt;/PROPERTY&gt;
  &lt;PROPERTY NAME="ReferencePackageType" TYPE="uint32"&gt;
    &lt;VALUE&gt;4&lt;/VALUE&gt;
  &lt;/PROPERTY&gt;
  &lt;PROPERTY NAME="ReferenceProgramName" TYPE="string"&gt;
    &lt;VALUE&gt;*&lt;/VALUE&gt;
  &lt;/PROPERTY&gt;
  &lt;PROPERTY NAME="ReferenceVersion" TYPE="string"&gt;
    &lt;VALUE&gt;&lt;/VALUE&gt;
  &lt;/PROPERTY&gt;
&lt;/INSTANCE&gt;</string>
  <string>&lt;INSTANCE CLASSNAME="SMS_TaskSequenceReferencesInfo"&gt;
  &lt;PROPERTY TYPE="string" NAME="__RELPATH"&gt;
    &lt;VALUE&gt;&lt;/VALUE&gt;
  &lt;/PROPERTY&gt;
  &lt;PROPERTY NAME="PackageID" TYPE="string"&gt;
    &lt;VALUE&gt;CHQ00017&lt;/VALUE&gt;
  &lt;/PROPERTY&gt;
  &lt;PROPERTY NAME="ProgramName" TYPE="string"&gt;
    &lt;VALUE&gt;*&lt;/VALUE&gt;
  &lt;/PROPERTY&gt;
  &lt;PROPERTY NAME="ReferenceDescription" TYPE="string"&gt;
    &lt;VALUE&gt;&lt;/VALUE&gt;
  &lt;/PROPERTY&gt;
  &lt;PROPERTY NAME="ReferenceName" TYPE="string"&gt;
    &lt;VALUE&gt;OSD - Windows Upgrade&lt;/VALUE&gt;
  &lt;/PROPERTY&gt;
  &lt;PROPERTY NAME="ReferencePackageID" TYPE="string"&gt;
    &lt;VALUE&gt;CHQ00014&lt;/VALUE&gt;
  &lt;/PROPERTY&gt;
  &lt;PROPERTY NAME="ReferencePackageType" TYPE="uint32"&gt;
    &lt;VALUE&gt;4&lt;/VALUE&gt;
  &lt;/PROPERTY&gt;
  &lt;PROPERTY NAME="ReferenceProgramName" TYPE="string"&gt;
    &lt;VALUE&gt;*&lt;/VALUE&gt;
  &lt;/PROPERTY&gt;
  &lt;PROPERTY NAME="ReferenceVersion" TYPE="string"&gt;
    &lt;VALUE&gt;&lt;/VALUE&gt;
  &lt;/PROPERTY&gt;
&lt;/INSTANCE&gt;</string>
  <string>&lt;INSTANCE CLASSNAME="SMS_TaskSequenceReferencesInfo"&gt;
  &lt;PROPERTY TYPE="string" NAME="__RELPATH"&gt;
    &lt;VALUE&gt;&lt;/VALUE&gt;
  &lt;/PROPERTY&gt;
  &lt;PROPERTY NAME="PackageID" TYPE="string"&gt;
    &lt;VALUE&gt;CHQ00017&lt;/VALUE&gt;
  &lt;/PROPERTY&gt;
  &lt;PROPERTY NAME="ProgramName" TYPE="string"&gt;
    &lt;VALUE&gt;*&lt;/VALUE&gt;
  &lt;/PROPERTY&gt;
  &lt;PROPERTY NAME="ReferenceDescription" TYPE="string"&gt;
    &lt;VALUE&gt;&lt;/VALUE&gt;
  &lt;/PROPERTY&gt;
  &lt;PROPERTY NAME="ReferenceName" TYPE="string"&gt;
    &lt;VALUE&gt;OSD - Windows 10 Customization&lt;/VALUE&gt;
  &lt;/PROPERTY&gt;
  &lt;PROPERTY NAME="ReferencePackageID" TYPE="string"&gt;
    &lt;VALUE&gt;CHQ00015&lt;/VALUE&gt;
  &lt;/PROPERTY&gt;
  &lt;PROPERTY NAME="ReferencePackageType" TYPE="uint32"&gt;
    &lt;VALUE&gt;4&lt;/VALUE&gt;
  &lt;/PROPERTY&gt;
  &lt;PROPERTY NAME="ReferenceProgramName" TYPE="string"&gt;
    &lt;VALUE&gt;*&lt;/VALUE&gt;
  &lt;/PROPERTY&gt;
  &lt;PROPERTY NAME="ReferenceVersion" TYPE="string"&gt;
    &lt;VALUE&gt;&lt;/VALUE&gt;
  &lt;/PROPERTY&gt;
&lt;/INSTANCE&gt;</string>
  <string>&lt;INSTANCE CLASSNAME="SMS_TaskSequenceReferencesInfo"&gt;
  &lt;PROPERTY TYPE="string" NAME="__RELPATH"&gt;
    &lt;VALUE&gt;&lt;/VALUE&gt;
  &lt;/PROPERTY&gt;
  &lt;PROPERTY NAME="PackageID" TYPE="string"&gt;
    &lt;VALUE&gt;CHQ00017&lt;/VALUE&gt;
  &lt;/PROPERTY&gt;
  &lt;PROPERTY NAME="ProgramName" TYPE="string"&gt;
    &lt;VALUE&gt;*&lt;/VALUE&gt;
  &lt;/PROPERTY&gt;
  &lt;PROPERTY NAME="ReferenceDescription" TYPE="string"&gt;
    &lt;VALUE&gt;&lt;/VALUE&gt;
  &lt;/PROPERTY&gt;
  &lt;PROPERTY NAME="ReferenceName" TYPE="string"&gt;
    &lt;VALUE&gt;OSD - New OS&lt;/VALUE&gt;
  &lt;/PROPERTY&gt;
  &lt;PROPERTY NAME="ReferencePackageID" TYPE="string"&gt;
    &lt;VALUE&gt;CHQ00016&lt;/VALUE&gt;
  &lt;/PROPERTY&gt;
  &lt;PROPERTY NAME="ReferencePackageType" TYPE="uint32"&gt;
    &lt;VALUE&gt;4&lt;/VALUE&gt;
  &lt;/PROPERTY&gt;
  &lt;PROPERTY NAME="ReferenceProgramName" TYPE="string"&gt;
    &lt;VALUE&gt;*&lt;/VALUE&gt;
  &lt;/PROPERTY&gt;
  &lt;PROPERTY NAME="ReferenceVersion" TYPE="string"&gt;
    &lt;VALUE&gt;&lt;/VALUE&gt;
  &lt;/PROPERTY&gt;
&lt;/INSTANCE&gt;</string>
  <string>&lt;INSTANCE CLASSNAME="SMS_TaskSequenceReferencesInfo"&gt;
  &lt;PROPERTY TYPE="string" NAME="__RELPATH"&gt;
    &lt;VALUE&gt;&lt;/VALUE&gt;
  &lt;/PROPERTY&gt;
  &lt;PROPERTY NAME="PackageID" TYPE="string"&gt;
    &lt;VALUE&gt;CHQ00017&lt;/VALUE&gt;
  &lt;/PROPERTY&gt;
  &lt;PROPERTY NAME="ProgramName" TYPE="string"&gt;
    &lt;VALUE&gt;*&lt;/VALUE&gt;
  &lt;/PROPERTY&gt;
  &lt;PROPERTY NAME="ReferenceDescription" TYPE="string"&gt;
    &lt;VALUE&gt;&lt;/VALUE&gt;
  &lt;/PROPERTY&gt;
  &lt;PROPERTY NAME="ReferenceName" TYPE="string"&gt;
    &lt;VALUE&gt;Windows10 InsiderPreview EnterpriseVL x64 en-us&lt;/VALUE&gt;
  &lt;/PROPERTY&gt;
  &lt;PROPERTY NAME="ReferencePackageID" TYPE="string"&gt;
    &lt;VALUE&gt;CHQ00019&lt;/VALUE&gt;
  &lt;/PROPERTY&gt;
  &lt;PROPERTY NAME="ReferencePackageType" TYPE="uint32"&gt;
    &lt;VALUE&gt;259&lt;/VALUE&gt;
  &lt;/PROPERTY&gt;
  &lt;PROPERTY NAME="ReferenceProgramName" TYPE="string"&gt;
    &lt;VALUE&gt;*&lt;/VALUE&gt;
  &lt;/PROPERTY&gt;
  &lt;PROPERTY NAME="ReferenceVersion" TYPE="string"&gt;
    &lt;VALUE&gt;&lt;/VALUE&gt;
  &lt;/PROPERTY&gt;
&lt;/INSTANCE&gt;</string>
</ArrayOfString>