<INSTANCE CLASSNAME="SMS_TaskSequencePackage">
  <QUALIFIER NAME="dynamic" PROPAGATED="true" TYPE="boolean" TOSUBCLASS="false" TOINSTANCE="true">
    <VALUE>TRUE</VALUE>
  </QUALIFIER>
  <QUALIFIER NAME="SecurityVerbs" TYPE="sint32" TOSUBCLASS="false">
    <VALUE>808592407</VALUE>
  </QUALIFIER>
  <PROPERTY NAME="__PATH" CLASSORIGIN="___SYSTEM" TYPE="string">
    <VALUE>\\SCCMSERVER01\root\sms\site_ABC:SMS_TaskSequencePackage.PackageID="ABC00022"</VALUE>
  </PROPERTY>
  <PROPERTY NAME="__NAMESPACE" CLASSORIGIN="___SYSTEM" TYPE="string">
    <VALUE>root\sms\site_ABC</VALUE>
  </PROPERTY>
  <PROPERTY NAME="__SERVER" CLASSORIGIN="___SYSTEM" TYPE="string">
    <VALUE>SCCMSERVER01</VALUE>
  </PROPERTY>
  <PROPERTY.ARRAY NAME="__DERIVATION" CLASSORIGIN="___SYSTEM" TYPE="string">
    <VALUE.ARRAY>
      <VALUE>SMS_PackageBaseclass</VALUE>
      <VALUE>SMS_BaseClass</VALUE>
    </VALUE.ARRAY>
  </PROPERTY.ARRAY>
  <PROPERTY NAME="__PROPERTY_COUNT" CLASSORIGIN="___SYSTEM" TYPE="sint32">
    <VALUE>58</VALUE>
  </PROPERTY>
  <PROPERTY NAME="__RELPATH" CLASSORIGIN="___SYSTEM" TYPE="string">
    <VALUE>SMS_TaskSequencePackage.PackageID="ABC00022"</VALUE>
  </PROPERTY>
  <PROPERTY NAME="__DYNASTY" CLASSORIGIN="___SYSTEM" TYPE="string">
    <VALUE>SMS_BaseClass</VALUE>
  </PROPERTY>
  <PROPERTY NAME="__SUPERCLASS" CLASSORIGIN="___SYSTEM" TYPE="string">
    <VALUE>SMS_PackageBaseclass</VALUE>
  </PROPERTY>
  <PROPERTY NAME="__CLASS" CLASSORIGIN="___SYSTEM" TYPE="string">
    <VALUE>SMS_TaskSequencePackage</VALUE>
  </PROPERTY>
  <PROPERTY NAME="__GENUS" CLASSORIGIN="___SYSTEM" TYPE="sint32">
    <VALUE>2</VALUE>
  </PROPERTY>
  <PROPERTY NAME="ActionInProgress" CLASSORIGIN="SMS_PackageBaseclass" TYPE="uint32">
    <QUALIFIER NAME="CIMTYPE" PROPAGATED="true" TYPE="string" TOINSTANCE="true">
      <VALUE>uint32</VALUE>
    </QUALIFIER>
    <VALUE>1</VALUE>
  </PROPERTY>
  <PROPERTY NAME="AlternateContentProviders" CLASSORIGIN="SMS_PackageBaseclass" TYPE="string">
    <QUALIFIER NAME="CIMTYPE" PROPAGATED="true" TYPE="string" TOINSTANCE="true">
      <VALUE>string</VALUE>
    </QUALIFIER>
    <VALUE></VALUE>
  </PROPERTY>
  <PROPERTY NAME="BootImageID" CLASSORIGIN="SMS_TaskSequencePackage" TYPE="string">
    <QUALIFIER NAME="CIMTYPE" PROPAGATED="true" TYPE="string" TOINSTANCE="true">
      <VALUE>string</VALUE>
    </QUALIFIER>
    <VALUE></VALUE>
  </PROPERTY>
  <PROPERTY NAME="Category" CLASSORIGIN="SMS_TaskSequencePackage" TYPE="string">
    <QUALIFIER NAME="CIMTYPE" PROPAGATED="true" TYPE="string" TOINSTANCE="true">
      <VALUE>string</VALUE>
    </QUALIFIER>
    <VALUE></VALUE>
  </PROPERTY>
  <PROPERTY NAME="CustomProgressMsg" CLASSORIGIN="SMS_TaskSequencePackage" TYPE="string">
    <QUALIFIER NAME="CIMTYPE" PROPAGATED="true" TYPE="string" TOINSTANCE="true">
      <VALUE>string</VALUE>
    </QUALIFIER>
    <VALUE></VALUE>
  </PROPERTY>
  <PROPERTY NAME="DependentProgram" CLASSORIGIN="SMS_TaskSequencePackage" TYPE="string">
    <QUALIFIER NAME="CIMTYPE" PROPAGATED="true" TYPE="string" TOINSTANCE="true">
      <VALUE>string</VALUE>
    </QUALIFIER>
    <VALUE></VALUE>
  </PROPERTY>
  <PROPERTY NAME="Description" CLASSORIGIN="SMS_PackageBaseclass" TYPE="string">
    <QUALIFIER NAME="CIMTYPE" PROPAGATED="true" TYPE="string" TOINSTANCE="true">
      <VALUE>string</VALUE>
    </QUALIFIER>
    <VALUE></VALUE>
  </PROPERTY>
  <PROPERTY NAME="Duration" CLASSORIGIN="SMS_TaskSequencePackage" TYPE="uint32">
    <QUALIFIER NAME="CIMTYPE" PROPAGATED="true" TYPE="string" TOINSTANCE="true">
      <VALUE>uint32</VALUE>
    </QUALIFIER>
    <VALUE>0</VALUE>
  </PROPERTY>
  <PROPERTY.ARRAY NAME="ExtendedData" CLASSORIGIN="SMS_PackageBaseclass" TYPE="uint8">
    <QUALIFIER NAME="CIMTYPE" PROPAGATED="true" TYPE="string" TOINSTANCE="true">
      <VALUE>uint8</VALUE>
    </QUALIFIER>
  </PROPERTY.ARRAY>
  <PROPERTY NAME="ExtendedDataSize" CLASSORIGIN="SMS_PackageBaseclass" TYPE="uint32">
    <QUALIFIER NAME="CIMTYPE" PROPAGATED="true" TYPE="string" TOINSTANCE="true">
      <VALUE>uint32</VALUE>
    </QUALIFIER>
    <VALUE>0</VALUE>
  </PROPERTY>
  <PROPERTY NAME="ForcedDisconnectDelay" CLASSORIGIN="SMS_PackageBaseclass" TYPE="uint32">
    <QUALIFIER NAME="CIMTYPE" PROPAGATED="true" TYPE="string" TOINSTANCE="true">
      <VALUE>uint32</VALUE>
    </QUALIFIER>
    <VALUE>5</VALUE>
  </PROPERTY>
  <PROPERTY NAME="ForcedDisconnectEnabled" CLASSORIGIN="SMS_PackageBaseclass" TYPE="boolean">
    <QUALIFIER NAME="CIMTYPE" PROPAGATED="true" TYPE="string" TOINSTANCE="true">
      <VALUE>boolean</VALUE>
    </QUALIFIER>
    <VALUE>FALSE</VALUE>
  </PROPERTY>
  <PROPERTY NAME="ForcedDisconnectNumRetries" CLASSORIGIN="SMS_PackageBaseclass" TYPE="uint32">
    <QUALIFIER NAME="CIMTYPE" PROPAGATED="true" TYPE="string" TOINSTANCE="true">
      <VALUE>uint32</VALUE>
    </QUALIFIER>
    <VALUE>2</VALUE>
  </PROPERTY>
  <PROPERTY.ARRAY NAME="Icon" CLASSORIGIN="SMS_PackageBaseclass" TYPE="uint8">
    <QUALIFIER NAME="CIMTYPE" PROPAGATED="true" TYPE="string" TOINSTANCE="true">
      <VALUE>uint8</VALUE>
    </QUALIFIER>
  </PROPERTY.ARRAY>
  <PROPERTY NAME="IconSize" CLASSORIGIN="SMS_PackageBaseclass" TYPE="uint32">
    <QUALIFIER NAME="CIMTYPE" PROPAGATED="true" TYPE="string" TOINSTANCE="true">
      <VALUE>uint32</VALUE>
    </QUALIFIER>
    <VALUE>0</VALUE>
  </PROPERTY>
  <PROPERTY NAME="IgnoreAddressSchedule" CLASSORIGIN="SMS_PackageBaseclass" TYPE="boolean">
    <QUALIFIER NAME="CIMTYPE" PROPAGATED="true" TYPE="string" TOINSTANCE="true">
      <VALUE>boolean</VALUE>
    </QUALIFIER>
    <VALUE>FALSE</VALUE>
  </PROPERTY>
  <PROPERTY.ARRAY NAME="ISVData" CLASSORIGIN="SMS_PackageBaseclass" TYPE="uint8">
    <QUALIFIER NAME="CIMTYPE" PROPAGATED="true" TYPE="string" TOINSTANCE="true">
      <VALUE>uint8</VALUE>
    </QUALIFIER>
  </PROPERTY.ARRAY>
  <PROPERTY NAME="ISVDataSize" CLASSORIGIN="SMS_PackageBaseclass" TYPE="uint32">
    <QUALIFIER NAME="CIMTYPE" PROPAGATED="true" TYPE="string" TOINSTANCE="true">
      <VALUE>uint32</VALUE>
    </QUALIFIER>
    <VALUE>0</VALUE>
  </PROPERTY>
  <PROPERTY NAME="IsVersionCompatible" CLASSORIGIN="SMS_PackageBaseclass" PROPAGATED="true" TYPE="boolean">
    <QUALIFIER NAME="CIMTYPE" PROPAGATED="true" TYPE="string" TOINSTANCE="true">
      <VALUE>boolean</VALUE>
    </QUALIFIER>
  </PROPERTY>
  <PROPERTY NAME="ISVString" CLASSORIGIN="SMS_PackageBaseclass" TYPE="string">
    <QUALIFIER NAME="CIMTYPE" PROPAGATED="true" TYPE="string" TOINSTANCE="true">
      <VALUE>string</VALUE>
    </QUALIFIER>
    <VALUE></VALUE>
  </PROPERTY>
  <PROPERTY NAME="Language" CLASSORIGIN="SMS_PackageBaseclass" TYPE="string">
    <QUALIFIER NAME="CIMTYPE" PROPAGATED="true" TYPE="string" TOINSTANCE="true">
      <VALUE>string</VALUE>
    </QUALIFIER>
    <VALUE></VALUE>
  </PROPERTY>
  <PROPERTY NAME="LastRefreshTime" CLASSORIGIN="SMS_PackageBaseclass" TYPE="datetime">
    <QUALIFIER NAME="CIMTYPE" PROPAGATED="true" TYPE="string" TOINSTANCE="true">
      <VALUE>datetime</VALUE>
    </QUALIFIER>
    <VALUE>20161024205643.000000+000</VALUE>
  </PROPERTY>
  <PROPERTY.ARRAY NAME="LocalizedCategoryInstanceNames" CLASSORIGIN="SMS_PackageBaseclass" PROPAGATED="true" TYPE="string">
    <QUALIFIER NAME="CIMTYPE" PROPAGATED="true" TYPE="string" TOINSTANCE="true">
      <VALUE>string</VALUE>
    </QUALIFIER>
  </PROPERTY.ARRAY>
  <PROPERTY NAME="Manufacturer" CLASSORIGIN="SMS_PackageBaseclass" TYPE="string">
    <QUALIFIER NAME="CIMTYPE" PROPAGATED="true" TYPE="string" TOINSTANCE="true">
      <VALUE>string</VALUE>
    </QUALIFIER>
    <VALUE></VALUE>
  </PROPERTY>
  <PROPERTY NAME="MIFFilename" CLASSORIGIN="SMS_PackageBaseclass" TYPE="string">
    <QUALIFIER NAME="CIMTYPE" PROPAGATED="true" TYPE="string" TOINSTANCE="true">
      <VALUE>string</VALUE>
    </QUALIFIER>
    <VALUE></VALUE>
  </PROPERTY>
  <PROPERTY NAME="MIFName" CLASSORIGIN="SMS_PackageBaseclass" TYPE="string">
    <QUALIFIER NAME="CIMTYPE" PROPAGATED="true" TYPE="string" TOINSTANCE="true">
      <VALUE>string</VALUE>
    </QUALIFIER>
    <VALUE></VALUE>
  </PROPERTY>
  <PROPERTY NAME="MIFPublisher" CLASSORIGIN="SMS_PackageBaseclass" TYPE="string">
    <QUALIFIER NAME="CIMTYPE" PROPAGATED="true" TYPE="string" TOINSTANCE="true">
      <VALUE>string</VALUE>
    </QUALIFIER>
    <VALUE></VALUE>
  </PROPERTY>
  <PROPERTY NAME="MIFVersion" CLASSORIGIN="SMS_PackageBaseclass" TYPE="string">
    <QUALIFIER NAME="CIMTYPE" PROPAGATED="true" TYPE="string" TOINSTANCE="true">
      <VALUE>string</VALUE>
    </QUALIFIER>
    <VALUE></VALUE>
  </PROPERTY>
  <PROPERTY NAME="Name" CLASSORIGIN="SMS_PackageBaseclass" TYPE="string">
    <QUALIFIER NAME="CIMTYPE" PROPAGATED="true" TYPE="string" TOINSTANCE="true">
      <VALUE>string</VALUE>
    </QUALIFIER>
    <VALUE>Windows 10 x64 Build and Capture - Core Apps</VALUE>
  </PROPERTY>
  <PROPERTY NAME="NumOfPrograms" CLASSORIGIN="SMS_PackageBaseclass" PROPAGATED="true" TYPE="uint32">
    <QUALIFIER NAME="CIMTYPE" PROPAGATED="true" TYPE="string" TOINSTANCE="true">
      <VALUE>uint32</VALUE>
    </QUALIFIER>
  </PROPERTY>
  <PROPERTY NAME="PackageID" CLASSORIGIN="SMS_PackageBaseclass" TYPE="string">
    <QUALIFIER NAME="CIMTYPE" PROPAGATED="true" TYPE="string" TOINSTANCE="true">
      <VALUE>string</VALUE>
    </QUALIFIER>
    <QUALIFIER NAME="key" PROPAGATED="true" TYPE="boolean" OVERRIDABLE="false" TOINSTANCE="true">
      <VALUE>TRUE</VALUE>
    </QUALIFIER>
    <VALUE>ABC00022</VALUE>
  </PROPERTY>
  <PROPERTY NAME="PackageSize" CLASSORIGIN="SMS_PackageBaseclass" PROPAGATED="true" TYPE="uint32">
    <QUALIFIER NAME="CIMTYPE" PROPAGATED="true" TYPE="string" TOINSTANCE="true">
      <VALUE>uint32</VALUE>
    </QUALIFIER>
  </PROPERTY>
  <PROPERTY NAME="PackageType" CLASSORIGIN="SMS_PackageBaseclass" TYPE="uint32">
    <QUALIFIER NAME="CIMTYPE" PROPAGATED="true" TYPE="string" TOINSTANCE="true">
      <VALUE>uint32</VALUE>
    </QUALIFIER>
    <VALUE>4</VALUE>
  </PROPERTY>
  <PROPERTY NAME="PkgFlags" CLASSORIGIN="SMS_PackageBaseclass" TYPE="uint32">
    <QUALIFIER NAME="CIMTYPE" PROPAGATED="true" TYPE="string" TOINSTANCE="true">
      <VALUE>uint32</VALUE>
    </QUALIFIER>
    <VALUE>0</VALUE>
  </PROPERTY>
  <PROPERTY NAME="PkgSourceFlag" CLASSORIGIN="SMS_PackageBaseclass" TYPE="uint32">
    <QUALIFIER NAME="CIMTYPE" PROPAGATED="true" TYPE="string" TOINSTANCE="true">
      <VALUE>uint32</VALUE>
    </QUALIFIER>
    <VALUE>1</VALUE>
  </PROPERTY>
  <PROPERTY NAME="PkgSourcePath" CLASSORIGIN="SMS_PackageBaseclass" PROPAGATED="true" TYPE="string">
    <QUALIFIER NAME="CIMTYPE" PROPAGATED="true" TYPE="string" TOINSTANCE="true">
      <VALUE>string</VALUE>
    </QUALIFIER>
    <VALUE></VALUE>
  </PROPERTY>
  <PROPERTY NAME="PreferredAddressType" CLASSORIGIN="SMS_PackageBaseclass" TYPE="string">
    <QUALIFIER NAME="CIMTYPE" PROPAGATED="true" TYPE="string" TOINSTANCE="true">
      <VALUE>string</VALUE>
    </QUALIFIER>
    <VALUE></VALUE>
  </PROPERTY>
  <PROPERTY NAME="Priority" CLASSORIGIN="SMS_PackageBaseclass" TYPE="uint32">
    <QUALIFIER NAME="CIMTYPE" PROPAGATED="true" TYPE="string" TOINSTANCE="true">
      <VALUE>uint32</VALUE>
    </QUALIFIER>
    <VALUE>2</VALUE>
  </PROPERTY>
  <PROPERTY NAME="ProgramFlags" CLASSORIGIN="SMS_TaskSequencePackage" TYPE="uint32">
    <QUALIFIER NAME="CIMTYPE" PROPAGATED="true" TYPE="string" TOINSTANCE="true">
      <VALUE>uint32</VALUE>
    </QUALIFIER>
    <VALUE>152084496</VALUE>
  </PROPERTY>
  <PROPERTY.OBJECTARRAY NAME="References" CLASSORIGIN="SMS_TaskSequencePackage" REFERENCECLASS="SMS_TaskSequence_Reference">
    <QUALIFIER NAME="CIMTYPE" PROPAGATED="true" TYPE="string" TOINSTANCE="true">
      <VALUE>object:SMS_TaskSequence_Reference</VALUE>
    </QUALIFIER>
    <VALUE.OBJECTARRAY>
      <VALUE.OBJECT>
        <INSTANCE CLASSNAME="SMS_TaskSequence_Reference">
          <PROPERTY NAME="__PATH" CLASSORIGIN="___SYSTEM" TYPE="string"></PROPERTY>
          <PROPERTY NAME="__NAMESPACE" CLASSORIGIN="___SYSTEM" TYPE="string"></PROPERTY>
          <PROPERTY NAME="__SERVER" CLASSORIGIN="___SYSTEM" TYPE="string"></PROPERTY>
          <PROPERTY.ARRAY NAME="__DERIVATION" CLASSORIGIN="___SYSTEM" TYPE="string">
            <VALUE.ARRAY></VALUE.ARRAY>
          </PROPERTY.ARRAY>
          <PROPERTY NAME="__PROPERTY_COUNT" CLASSORIGIN="___SYSTEM" TYPE="sint32">
            <VALUE>3</VALUE>
          </PROPERTY>
          <PROPERTY NAME="__RELPATH" CLASSORIGIN="___SYSTEM" TYPE="string"></PROPERTY>
          <PROPERTY NAME="__DYNASTY" CLASSORIGIN="___SYSTEM" TYPE="string">
            <VALUE>SMS_TaskSequence_Reference</VALUE>
          </PROPERTY>
          <PROPERTY NAME="__SUPERCLASS" CLASSORIGIN="___SYSTEM" TYPE="string"></PROPERTY>
          <PROPERTY NAME="__CLASS" CLASSORIGIN="___SYSTEM" TYPE="string">
            <VALUE>SMS_TaskSequence_Reference</VALUE>
          </PROPERTY>
          <PROPERTY NAME="__GENUS" CLASSORIGIN="___SYSTEM" TYPE="sint32">
            <VALUE>2</VALUE>
          </PROPERTY>
          <PROPERTY NAME="Package" CLASSORIGIN="SMS_TaskSequence_Reference" TYPE="string">
            <QUALIFIER NAME="CIMTYPE" PROPAGATED="true" TYPE="string" TOINSTANCE="true">
              <VALUE>string</VALUE>
            </QUALIFIER>
            <VALUE>ABC00003</VALUE>
          </PROPERTY>
          <PROPERTY NAME="Program" CLASSORIGIN="SMS_TaskSequence_Reference" TYPE="string">
            <QUALIFIER NAME="CIMTYPE" PROPAGATED="true" TYPE="string" TOINSTANCE="true">
              <VALUE>string</VALUE>
            </QUALIFIER>
            <VALUE>*</VALUE>
          </PROPERTY>
          <PROPERTY NAME="Type" CLASSORIGIN="SMS_TaskSequence_Reference" TYPE="uint32">
            <QUALIFIER NAME="CIMTYPE" PROPAGATED="true" TYPE="string" TOINSTANCE="true">
              <VALUE>uint32</VALUE>
            </QUALIFIER>
            <VALUE>0</VALUE>
          </PROPERTY>
        </INSTANCE>
      </VALUE.OBJECT>
      <VALUE.OBJECT>
        <INSTANCE CLASSNAME="SMS_TaskSequence_Reference">
          <PROPERTY NAME="__PATH" CLASSORIGIN="___SYSTEM" TYPE="string"></PROPERTY>
          <PROPERTY NAME="__NAMESPACE" CLASSORIGIN="___SYSTEM" TYPE="string"></PROPERTY>
          <PROPERTY NAME="__SERVER" CLASSORIGIN="___SYSTEM" TYPE="string"></PROPERTY>
          <PROPERTY.ARRAY NAME="__DERIVATION" CLASSORIGIN="___SYSTEM" TYPE="string">
            <VALUE.ARRAY></VALUE.ARRAY>
          </PROPERTY.ARRAY>
          <PROPERTY NAME="__PROPERTY_COUNT" CLASSORIGIN="___SYSTEM" TYPE="sint32">
            <VALUE>3</VALUE>
          </PROPERTY>
          <PROPERTY NAME="__RELPATH" CLASSORIGIN="___SYSTEM" TYPE="string"></PROPERTY>
          <PROPERTY NAME="__DYNASTY" CLASSORIGIN="___SYSTEM" TYPE="string">
            <VALUE>SMS_TaskSequence_Reference</VALUE>
          </PROPERTY>
          <PROPERTY NAME="__SUPERCLASS" CLASSORIGIN="___SYSTEM" TYPE="string"></PROPERTY>
          <PROPERTY NAME="__CLASS" CLASSORIGIN="___SYSTEM" TYPE="string">
            <VALUE>SMS_TaskSequence_Reference</VALUE>
          </PROPERTY>
          <PROPERTY NAME="__GENUS" CLASSORIGIN="___SYSTEM" TYPE="sint32">
            <VALUE>2</VALUE>
          </PROPERTY>
          <PROPERTY NAME="Package" CLASSORIGIN="SMS_TaskSequence_Reference" TYPE="string">
            <QUALIFIER NAME="CIMTYPE" PROPAGATED="true" TYPE="string" TOINSTANCE="true">
              <VALUE>string</VALUE>
            </QUALIFIER>
            <VALUE>ABC0000E</VALUE>
          </PROPERTY>
          <PROPERTY NAME="Program" CLASSORIGIN="SMS_TaskSequence_Reference" TYPE="string">
            <QUALIFIER NAME="CIMTYPE" PROPAGATED="true" TYPE="string" TOINSTANCE="true">
              <VALUE>string</VALUE>
            </QUALIFIER>
            <VALUE>*</VALUE>
          </PROPERTY>
          <PROPERTY NAME="Type" CLASSORIGIN="SMS_TaskSequence_Reference" TYPE="uint32">
            <QUALIFIER NAME="CIMTYPE" PROPAGATED="true" TYPE="string" TOINSTANCE="true">
              <VALUE>uint32</VALUE>
            </QUALIFIER>
            <VALUE>0</VALUE>
          </PROPERTY>
        </INSTANCE>
      </VALUE.OBJECT>
      <VALUE.OBJECT>
        <INSTANCE CLASSNAME="SMS_TaskSequence_Reference">
          <PROPERTY NAME="__PATH" CLASSORIGIN="___SYSTEM" TYPE="string"></PROPERTY>
          <PROPERTY NAME="__NAMESPACE" CLASSORIGIN="___SYSTEM" TYPE="string"></PROPERTY>
          <PROPERTY NAME="__SERVER" CLASSORIGIN="___SYSTEM" TYPE="string"></PROPERTY>
          <PROPERTY.ARRAY NAME="__DERIVATION" CLASSORIGIN="___SYSTEM" TYPE="string">
            <VALUE.ARRAY></VALUE.ARRAY>
          </PROPERTY.ARRAY>
          <PROPERTY NAME="__PROPERTY_COUNT" CLASSORIGIN="___SYSTEM" TYPE="sint32">
            <VALUE>3</VALUE>
          </PROPERTY>
          <PROPERTY NAME="__RELPATH" CLASSORIGIN="___SYSTEM" TYPE="string"></PROPERTY>
          <PROPERTY NAME="__DYNASTY" CLASSORIGIN="___SYSTEM" TYPE="string">
            <VALUE>SMS_TaskSequence_Reference</VALUE>
          </PROPERTY>
          <PROPERTY NAME="__SUPERCLASS" CLASSORIGIN="___SYSTEM" TYPE="string"></PROPERTY>
          <PROPERTY NAME="__CLASS" CLASSORIGIN="___SYSTEM" TYPE="string">
            <VALUE>SMS_TaskSequence_Reference</VALUE>
          </PROPERTY>
          <PROPERTY NAME="__GENUS" CLASSORIGIN="___SYSTEM" TYPE="sint32">
            <VALUE>2</VALUE>
          </PROPERTY>
          <PROPERTY NAME="Package" CLASSORIGIN="SMS_TaskSequence_Reference" TYPE="string">
            <QUALIFIER NAME="CIMTYPE" PROPAGATED="true" TYPE="string" TOINSTANCE="true">
              <VALUE>string</VALUE>
            </QUALIFIER>
            <VALUE>ABC00023</VALUE>
          </PROPERTY>
          <PROPERTY NAME="Program" CLASSORIGIN="SMS_TaskSequence_Reference" TYPE="string">
            <QUALIFIER NAME="CIMTYPE" PROPAGATED="true" TYPE="string" TOINSTANCE="true">
              <VALUE>string</VALUE>
            </QUALIFIER>
            <VALUE>*</VALUE>
          </PROPERTY>
          <PROPERTY NAME="Type" CLASSORIGIN="SMS_TaskSequence_Reference" TYPE="uint32">
            <QUALIFIER NAME="CIMTYPE" PROPAGATED="true" TYPE="string" TOINSTANCE="true">
              <VALUE>uint32</VALUE>
            </QUALIFIER>
            <VALUE>0</VALUE>
          </PROPERTY>
        </INSTANCE>
      </VALUE.OBJECT>
    </VALUE.OBJECTARRAY>
  </PROPERTY.OBJECTARRAY>
  <PROPERTY NAME="ReferencesCount" CLASSORIGIN="SMS_TaskSequencePackage" TYPE="uint32">
    <QUALIFIER NAME="CIMTYPE" PROPAGATED="true" TYPE="string" TOINSTANCE="true">
      <VALUE>uint32</VALUE>
    </QUALIFIER>
    <VALUE>3</VALUE>
  </PROPERTY>
  <PROPERTY NAME="RefreshPkgSourceFlag" CLASSORIGIN="SMS_PackageBaseclass" TYPE="boolean">
    <QUALIFIER NAME="CIMTYPE" PROPAGATED="true" TYPE="string" TOINSTANCE="true">
      <VALUE>boolean</VALUE>
    </QUALIFIER>
    <VALUE>FALSE</VALUE>
  </PROPERTY>
  <PROPERTY.OBJECTARRAY NAME="RefreshSchedule" CLASSORIGIN="SMS_PackageBaseclass" REFERENCECLASS="SMS_ScheduleToken">
    <QUALIFIER NAME="CIMTYPE" PROPAGATED="true" TYPE="string" TOINSTANCE="true">
      <VALUE>object:SMS_ScheduleToken</VALUE>
    </QUALIFIER>
  </PROPERTY.OBJECTARRAY>
  <PROPERTY NAME="Reserved" CLASSORIGIN="SMS_TaskSequencePackage" TYPE="string">
    <QUALIFIER NAME="CIMTYPE" PROPAGATED="true" TYPE="string" TOINSTANCE="true">
      <VALUE>string</VALUE>
    </QUALIFIER>
  </PROPERTY>
  <PROPERTY.ARRAY NAME="SecuredScopeNames" CLASSORIGIN="SMS_PackageBaseclass" TYPE="string">
    <QUALIFIER NAME="CIMTYPE" PROPAGATED="true" TYPE="string" TOINSTANCE="true">
      <VALUE>string</VALUE>
    </QUALIFIER>
    <VALUE.ARRAY>
      <VALUE>Default</VALUE>
    </VALUE.ARRAY>
  </PROPERTY.ARRAY>
  <PROPERTY NAME="SedoObjectVersion" CLASSORIGIN="SMS_PackageBaseclass" TYPE="string">
    <QUALIFIER NAME="CIMTYPE" PROPAGATED="true" TYPE="string" TOINSTANCE="true">
      <VALUE>string</VALUE>
    </QUALIFIER>
    <VALUE>50B2D3E0-1142-4AD5-B25F-89F98971FA16</VALUE>
  </PROPERTY>
  <PROPERTY NAME="Sequence" CLASSORIGIN="SMS_TaskSequencePackage" TYPE="string">
    <QUALIFIER NAME="CIMTYPE" PROPAGATED="true" TYPE="string" TOINSTANCE="true">
      <VALUE>string</VALUE>
    </QUALIFIER>
    <VALUE><![CDATA[<sequence version="3.10"><referenceList><reference package="ABC00023"/><reference package="ABC0000E"/><reference package="ABC00003"/></referenceList><globalVarList><variable name="OSDEnableTCPIPFiltering" property="EnableTCPIPFiltering">false</variable><variable name="OSDAdapterCount" property="NumAdapters">0</variable></globalVarList><group name="Build the Reference Machine" description="Actions to build a reference machine"><step type="SMS_TaskSequence_SetVariableAction" name="Image Type: Win10 x64 Build and Capture" description="Tag the TS with some info.  Also can be used if you want to make the TS able to deploy multiple B&amp;Cs dynamically." runIn="WinPEandFullOS" successCodeList="0" retryCount="0" runFromNet="false"><action>tsenv.exe "ImageType=Win10 x64 Build and Capture"</action><defaultVarList><variable name="VariableName" property="VariableName" hidden="true">ImageType</variable><variable name="VariableValue" property="VariableValue" hidden="true">Win10 x64 Build and Capture</variable></defaultVarList></step><step type="SMS_TaskSequence_RebootAction" name="Restart in Windows PE" description="Restart in WinPE if running through Windows" runIn="WinPEandFullOS" successCodeList="0" retryCount="0" runFromNet="false"><condition><expression type="SMS_TaskSequence_VariableConditionExpression"><variable name="Operator">equals</variable><variable name="Value">false</variable><variable name="Variable">_SMSTSInWinPE</variable></expression></condition><action>smsboot.exe /target:WinPE</action><defaultVarList><variable name="SMSRebootMessage" property="Message">A new Microsoft Windows operating system is being installed.  The computer must reboot to continue.</variable><variable name="SMSRebootTimeout" property="MessageTimeout">10</variable><variable name="SMSRebootTarget" property="Target" hidden="true">WinPE</variable></defaultVarList></step><step type="SMS_TaskSequence_PartitionDiskAction" name="Partition Disk 0 - BIOS" description="This action partitions and formats the disk for new deployments of BIOS-based computers. This step will not run for Unified Extensible Firmware Interface (UEFI)-based computers." runIn="WinPE" successCodeList="0" retryCount="0" runFromNet="false"><condition><expression type="SMS_TaskSequence_VariableConditionExpression"><variable name="Operator">notEquals</variable><variable name="Value">true</variable><variable name="Variable">_SMSTSBootUEFI</variable></expression></condition><action>osddiskpart.exe</action><defaultVarList><variable name="OSDDiskIndex" property="DiskIndex">0</variable><variable name="OSDDiskType" property="DiskType">Basic</variable><variable name="OSDDiskpartBiosCompatibilityMode" property="DiskpartBiosCompatibilityMode">false</variable><variable name="OSDGPTBootDisk" property="GPTBootDisk">false</variable><variable name="OSDPartitionStyle" property="PartitionStyle">MBR</variable><variable name="OSDPartitions" property="Partitions" hidden="true">1</variable><variable name="OSDPartitions0AssignVolumeLetter" property="Partitions0AssignVolumeLetter">true</variable><variable name="OSDPartitions0Bootable" property="Partitions0Bootable">false</variable><variable name="OSDPartitions0FileSystem" property="Partitions0FileSystem">NTFS</variable><variable name="OSDPartitions0QuickFormat" property="Partitions0QuickFormat">true</variable><variable name="OSDPartitions0Size" property="Partitions0Size">100</variable><variable name="OSDPartitions0SizeUnits" property="Partitions0SizeUnits">PERCENT</variable><variable name="OSDPartitions0Type" property="Partitions0Type">PRIMARY</variable><variable name="OSDPartitions0VolumeLetterVariable" property="Partitions0VolumeLetterVariable">OSDisk</variable><variable name="OSDPartitions0VolumeName" property="Partitions0VolumeName">Windows</variable></defaultVarList></step><group name="Power Settings" description="These settings adjust the power profile from balanced (default for WinPE/Windows) to essentially high performance.  We use a custom profile to avoid mucking with default settings."><step type="SMS_TaskSequence_RunCommandLineAction" name="Copy Power Settings" description="Copy power profile locally" timeout="900" runIn="WinPEandFullOS" successCodeList="0 3010" retryCount="0" runFromNet="false"><action>smsswd.exe /run:ABC00023 xcopy .\PowerCfg\DeploymentPowerScheme.pow %temp%</action><defaultVarList><variable name="CommandLine" property="CommandLine" hidden="true">xcopy .\PowerCfg\DeploymentPowerScheme.pow %temp%</variable><variable name="SMSTSDisableWow64Redirection" property="DisableWow64Redirection">false</variable><variable name="PackageID" property="PackageID" hidden="true">ABC00023</variable><variable name="_SMSTSRunCommandLineAsUser" property="RunAsUser">false</variable><variable name="SuccessCodes" property="SuccessCodes" hidden="true">0 3010</variable></defaultVarList></step><step type="SMS_TaskSequence_RunCommandLineAction" name="Import Power Settings" description="Import power profile with a specific GUID so we can reference it later" timeout="900" runIn="WinPEandFullOS" successCodeList="0 3010" retryCount="0" runFromNet="false"><action>smsswd.exe /run: powercfg -import %temp%\DeploymentPowerScheme.pow 12345678-1337-1337-1337-1234567890ab</action><defaultVarList><variable name="CommandLine" property="CommandLine" hidden="true">powercfg -import %temp%\DeploymentPowerScheme.pow 12345678-1337-1337-1337-1234567890ab</variable><variable name="SMSTSDisableWow64Redirection" property="DisableWow64Redirection">false</variable><variable name="_SMSTSRunCommandLineAsUser" property="RunAsUser">false</variable><variable name="SuccessCodes" property="SuccessCodes" hidden="true">0 3010</variable></defaultVarList></step><step type="SMS_TaskSequence_RunCommandLineAction" name="Power Settings Set" description="Activate our power profile" timeout="900" runIn="WinPEandFullOS" successCodeList="0 3010" retryCount="0" runFromNet="false"><action>smsswd.exe /run: powercfg -setactive 12345678-1337-1337-1337-1234567890ab</action><defaultVarList><variable name="CommandLine" property="CommandLine" hidden="true">powercfg -setactive 12345678-1337-1337-1337-1234567890ab</variable><variable name="SMSTSDisableWow64Redirection" property="DisableWow64Redirection">false</variable><variable name="_SMSTSRunCommandLineAsUser" property="RunAsUser">false</variable><variable name="SuccessCodes" property="SuccessCodes" hidden="true">0 3010</variable></defaultVarList></step></group><step type="SMS_TaskSequence_SetVariableAction" name="Set Variable for Drive Letter" description="Do not keep any previously assigned drive letters." runIn="WinPEandFullOS" successCodeList="0" retryCount="0" runFromNet="false"><action>tsenv.exe "OSDPreserveDriveLetter=False"</action><defaultVarList><variable name="VariableName" property="VariableName" hidden="true">OSDPreserveDriveLetter</variable><variable name="VariableValue" property="VariableValue" hidden="true">False</variable></defaultVarList></step><step type="SMS_TaskSequence_ApplyOperatingSystemAction" name="Apply Operating System" description="Apply operating system (extract the WIM).  Recommended not to use a unattend.xml to keep this as vanilla as possible." runIn="WinPE" successCodeList="0" retryCount="0" runFromNet="false"><action>OSDApplyOS.exe /image:ABC0000E,%OSDImageIndex% /target:%OSDisk% /runfromnet:False</action><defaultVarList><variable name="DestinationVariable" property="DestinationVariable" hidden="true">OSDisk</variable><variable name="OSDImageIndex" property="ImageIndex">1</variable><variable name="ImagePackageID" property="ImagePackageID" hidden="true">ABC0000E</variable><variable name="RunFromNet" property="RunFromNet" hidden="true">false</variable></defaultVarList></step><step type="SMS_TaskSequence_ApplyWindowsSettingsAction" name="Apply Windows Settings" description="Provide information to populate a few required fields.  Should not provide a product key or join the domain." runIn="WinPE" successCodeList="0" retryCount="0" runFromNet="false"><action>osdwinsettings.exe /config</action><defaultVarList><variable name="OSDComputerName" property="ComputerName">%_SMSTSMachineName%</variable><variable name="OSDProductKey" property="ProductKey"></variable><variable name="OSDRandomAdminPassword" property="RandomAdminPassword">true</variable><variable name="OSDRegisteredOrgName" property="RegisteredOrgName">ORG</variable><variable name="OSDRegisteredUserName" property="RegisteredUserName">USER</variable><variable name="OSDServerLicenseConnectionLimit" property="ServerLicenseConnectionLimit">5</variable><variable name="OSDTimeZone" property="TimeZone">Pacific Standard Time</variable></defaultVarList></step><step type="SMS_TaskSequence_ApplyNetworkSettingsAction" name="Apply Network Settings" description="Join a workgroup. DO NOT JOIN A DOMAIN. This will cause issues down the road." runIn="WinPEandFullOS" successCodeList="0" retryCount="0" runFromNet="false"><action>osdnetsettings.exe configure</action><defaultVarList><variable name="OSDJoinAccount" property="DomainUsername"></variable><variable name="OSDEnableTCPIPFiltering" property="EnableTCPIPFiltering" hidden="true">false</variable><variable name="OSDNetworkJoinType" property="NetworkJoinType">1</variable><variable name="OSDAdapterCount" property="NumAdapters" hidden="true">0</variable><variable name="OSDWorkgroupName" property="WorkgroupName">WORKGROUP</variable></defaultVarList></step><group name="Apply Windows Settings" description=""><step type="SMS_TaskSequence_RunCommandLineAction" name="File and applicaiton associations" description="Import default Windows application associations.  Recommend to keep as minimal as possible." disable="true" timeout="900" runIn="WinPEandFullOS" successCodeList="0 3010" retryCount="0" runFromNet="false"><action>smsswd.exe /run:00000000 dism /image:%OSDisk%\ /import-defaultappassociations:appassociations.xml</action><defaultVarList><variable name="CommandLine" property="CommandLine" hidden="true">dism /image:%OSDisk%\ /import-defaultappassociations:appassociations.xml</variable><variable name="SMSTSDisableWow64Redirection" property="DisableWow64Redirection">false</variable><variable name="PackageID" property="PackageID" hidden="true">00000000</variable><variable name="_SMSTSRunCommandLineAsUser" property="RunAsUser">false</variable><variable name="SuccessCodes" property="SuccessCodes" hidden="true">0 3010</variable></defaultVarList></step></group><step type="SMS_TaskSequence_AutoApplyAction" name="Apply Device Drivers" description="A build and capture should be done on a VM with as few drivers loaded as possible. Hyper-V requires no additional drivers.  Any drivers added here will get included in the capture, so do not run a B&amp;C on physical hardware." disable="true" runIn="WinPE" successCodeList="0" retryCount="0" runFromNet="false"><condition><expression type="SMS_TaskSequence_VariableConditionExpression"><variable name="Operator">notEquals</variable><variable name="Value">FullMedia</variable><variable name="Variable">_SMSTSMediaType</variable></expression></condition><action>osddriverclient.exe /auto /bestmatch:%OSDAutoApplyDriverBestMatch% /unsigned:%OSDAllowUnsignedDriver%</action><defaultVarList><variable name="OSDAutoApplyDriverBestMatch" property="BestMatch">true</variable><variable name="OSDAllowUnsignedDriver" property="UnsignedDriver">false</variable></defaultVarList></step><step type="SMS_TaskSequence_SetupWindowsAndSMSAction" name="Setup Windows and Configuration Manager" description="Actions to setup Windows and Configuration Manager client.  The MP must be specified as the workstation will be in a workgroup with no way to auto detect the MP." runIn="WinPEandFullOS" successCodeList="0" retryCount="0" runFromNet="false"><action>OSDSetupWindows.exe</action><defaultVarList><variable name="SMSClientInstallProperties" property="ClientInstallProperties">SMSMP=SCCMSERVER01.domainname.com</variable><variable name="_SMSClientPackageID" property="ClientPackageID">ABC00003</variable></defaultVarList></step><step type="SMS_TaskSequence_RebootAction" name="Restart Computer" description="Reboot post Windows setup.  This step isn't strictly required, but a good idea." runIn="WinPEandFullOS" successCodeList="0" retryCount="0" runFromNet="false"><action>smsboot.exe /target:HD</action><defaultVarList><variable name="SMSRebootMessage" property="Message"></variable><variable name="SMSRebootTimeout" property="MessageTimeout">1</variable><variable name="SMSRebootTarget" property="Target" hidden="true">HD</variable></defaultVarList></step><step type="BDD_UsePackage" name="Use Toolkit Package" description="Load the MDT toolkit, this lets us run a Gather and get a ton of TS vars." disable="true" runIn="WinPEandFullOS" successCodeList="0" retryCount="0" runFromNet="false"><condition><operator type="not"><expression type="SMS_TaskSequence_FolderConditionExpression"><variable name="Path">%ScriptRoot%</variable></expression></operator></condition><action>smsswd.exe /run: cscript.exe Scripts\ZTISCCM.wsf</action><defaultVarList><variable name="BDDPackageID" property="PackageID" hidden="true"></variable></defaultVarList></step><step type="BDD_Gather" name="Gather" description="Gather information from the system and populate TS vars." runIn="WinPEandFullOS" successCodeList="0" retryCount="0" runFromNet="false"><action>smsswd.exe /run: cscript.exe "%DeployRoot%\Scripts\ZTIGather.wsf"</action><defaultVarList><variable name="GatherLocalOnly" property="GatherLocalOnly">true</variable><variable name="RulesFile" property="RulesFile"></variable></defaultVarList></step><group name="Power Settings" description="These settings adjust the power profile from balanced (default for WinPE/Windows) to essentially high performance.  We use a custom profile to avoid mucking with default settings."><step type="SMS_TaskSequence_RunCommandLineAction" name="Copy Power Settings" description="Copy power profile locally" timeout="900" runIn="WinPEandFullOS" successCodeList="0 3010" retryCount="0" runFromNet="false"><action>smsswd.exe /run:ABC00023 xcopy .\PowerCfg\DeploymentPowerScheme.pow %temp%</action><defaultVarList><variable name="CommandLine" property="CommandLine" hidden="true">xcopy .\PowerCfg\DeploymentPowerScheme.pow %temp%</variable><variable name="SMSTSDisableWow64Redirection" property="DisableWow64Redirection">false</variable><variable name="PackageID" property="PackageID" hidden="true">ABC00023</variable><variable name="_SMSTSRunCommandLineAsUser" property="RunAsUser">false</variable><variable name="SuccessCodes" property="SuccessCodes" hidden="true">0 3010</variable></defaultVarList></step><step type="SMS_TaskSequence_RunCommandLineAction" name="Import Power Settings" description="Import power profile with a specific GUID so we can reference it later" timeout="900" runIn="WinPEandFullOS" successCodeList="0 3010" retryCount="0" runFromNet="false"><action>smsswd.exe /run: powercfg -import %temp%\DeploymentPowerScheme.pow 12345678-1337-1337-1337-1234567890ab</action><defaultVarList><variable name="CommandLine" property="CommandLine" hidden="true">powercfg -import %temp%\DeploymentPowerScheme.pow 12345678-1337-1337-1337-1234567890ab</variable><variable name="SMSTSDisableWow64Redirection" property="DisableWow64Redirection">false</variable><variable name="_SMSTSRunCommandLineAsUser" property="RunAsUser">false</variable><variable name="SuccessCodes" property="SuccessCodes" hidden="true">0 3010</variable></defaultVarList></step><step type="SMS_TaskSequence_RunCommandLineAction" name="Power Settings Set" description="Activate our power profile" timeout="900" runIn="WinPEandFullOS" successCodeList="0 3010" retryCount="0" runFromNet="false"><action>smsswd.exe /run: powercfg -setactive 12345678-1337-1337-1337-1234567890ab</action><defaultVarList><variable name="CommandLine" property="CommandLine" hidden="true">powercfg -setactive 12345678-1337-1337-1337-1234567890ab</variable><variable name="SMSTSDisableWow64Redirection" property="DisableWow64Redirection">false</variable><variable name="_SMSTSRunCommandLineAsUser" property="RunAsUser">false</variable><variable name="SuccessCodes" property="SuccessCodes" hidden="true">0 3010</variable></defaultVarList></step></group><group name="Install Windows Updates" description="Run Windows Updates in 3 passes to make sure we get all updates (especially important if you are including Office in the base WIM)."><group name="Updates Pass I" description="" continueOnError="true"><step type="SMS_TaskSequence_RebootAction" name="Restart Computer" description="" runIn="WinPEandFullOS" successCodeList="0" retryCount="0" runFromNet="false"><action>smsboot.exe /target:HD</action><defaultVarList><variable name="SMSRebootMessage" property="Message"></variable><variable name="SMSRebootTimeout" property="MessageTimeout">1</variable><variable name="SMSRebootTarget" property="Target" hidden="true">HD</variable></defaultVarList></step><step type="SMS_TaskSequence_RunCommandLineAction" name="Trigger Updates Scan" description="" timeout="900" runIn="WinPEandFullOS" successCodeList="0 3010" retryCount="0" runFromNet="false"><action>smsswd.exe /run: WMIC /namespace:\\root\ccm path sms_client CALL TriggerSchedule "{00000000-0000-0000-0000-000000000113}" /NOINTERACTIVE</action><defaultVarList><variable name="CommandLine" property="CommandLine" hidden="true">WMIC /namespace:\\root\ccm path sms_client CALL TriggerSchedule "{00000000-0000-0000-0000-000000000113}" /NOINTERACTIVE</variable><variable name="SMSTSDisableWow64Redirection" property="DisableWow64Redirection">false</variable><variable name="_SMSTSRunCommandLineAsUser" property="RunAsUser">false</variable><variable name="SuccessCodes" property="SuccessCodes" hidden="true">0 3010</variable></defaultVarList></step></group></group><group name="Certificates" description="Examples of how to import certificates to different stores.  Can only import certs that go into the machine store."><step type="SMS_TaskSequence_RunCommandLineAction" name="Certificate Root" description="Import a certificate to the Trusted Root store." disable="true" timeout="900" runIn="WinPEandFullOS" successCodeList="0 3010" retryCount="0" runFromNet="false"><action>smsswd.exe /run:00000000 %OSDisk%\Windows\SysWow64\certutil.exe -addstore  "Root" .\certification_authority_2048.cer</action><defaultVarList><variable name="CommandLine" property="CommandLine" hidden="true">%OSDisk%\Windows\SysWow64\certutil.exe -addstore  "Root" .\certification_authority_2048.cer</variable><variable name="SMSTSDisableWow64Redirection" property="DisableWow64Redirection">false</variable><variable name="PackageID" property="PackageID" hidden="true">00000000</variable><variable name="_SMSTSRunCommandLineAsUser" property="RunAsUser">false</variable><variable name="SuccessCodes" property="SuccessCodes" hidden="true">0 3010</variable></defaultVarList></step><step type="SMS_TaskSequence_RunCommandLineAction" name="Certificate Intermediate CA" description="Adds a certificate to the intermediate CA" disable="true" timeout="900" runIn="WinPEandFullOS" successCodeList="0 3010" retryCount="0" runFromNet="false"><action>smsswd.exe /run:00000000 %OSDisk%\Windows\SysWow64\certutil.exe -addstore "CA" .\certification_authority_2048.cer</action><defaultVarList><variable name="CommandLine" property="CommandLine" hidden="true">%OSDisk%\Windows\SysWow64\certutil.exe -addstore "CA" .\certification_authority_2048.cer</variable><variable name="SMSTSDisableWow64Redirection" property="DisableWow64Redirection">false</variable><variable name="PackageID" property="PackageID" hidden="true">00000000</variable><variable name="_SMSTSRunCommandLineAsUser" property="RunAsUser">false</variable><variable name="SuccessCodes" property="SuccessCodes" hidden="true">0 3010</variable></defaultVarList></step></group><group name="Registry Modifications" description="Example modifications of registry settings for base configuration"><group name="Windows" description="" disable="true"><step type="SMS_TaskSequence_RunCommandLineAction" name="Disable Advertising ID" description="" timeout="900" runIn="WinPEandFullOS" successCodeList="0 3010" retryCount="0" runFromNet="false"><action>smsswd.exe /run:00000000 reg import ".\Registry Tweaks\DisableAdvertisingID.reg"</action><defaultVarList><variable name="CommandLine" property="CommandLine" hidden="true">reg import ".\Registry Tweaks\DisableAdvertisingID.reg"</variable><variable name="SMSTSDisableWow64Redirection" property="DisableWow64Redirection">false</variable><variable name="PackageID" property="PackageID" hidden="true">00000000</variable><variable name="_SMSTSRunCommandLineAsUser" property="RunAsUser">false</variable><variable name="SuccessCodes" property="SuccessCodes" hidden="true">0 3010</variable></defaultVarList></step><step type="SMS_TaskSequence_RunCommandLineAction" name="Disable System Restore" description="" timeout="900" runIn="WinPEandFullOS" successCodeList="0 3010" retryCount="0" runFromNet="false"><action>smsswd.exe /run:00000000 reg import ".\Registry Tweaks\DisableSystemRestore.reg"</action><defaultVarList><variable name="CommandLine" property="CommandLine" hidden="true">reg import ".\Registry Tweaks\DisableSystemRestore.reg"</variable><variable name="SMSTSDisableWow64Redirection" property="DisableWow64Redirection">false</variable><variable name="PackageID" property="PackageID" hidden="true">00000000</variable><variable name="_SMSTSRunCommandLineAsUser" property="RunAsUser">false</variable><variable name="SuccessCodes" property="SuccessCodes" hidden="true">0 3010</variable></defaultVarList></step><step type="SMS_TaskSequence_RunCommandLineAction" name="Disable First Logon Animation" description="" timeout="900" runIn="WinPEandFullOS" successCodeList="0 3010" retryCount="0" runFromNet="false"><action>smsswd.exe /run:00000000 reg import ".\Registry Tweaks\DisableFirstLogonAnimation.reg"</action><defaultVarList><variable name="CommandLine" property="CommandLine" hidden="true">reg import ".\Registry Tweaks\DisableFirstLogonAnimation.reg"</variable><variable name="SMSTSDisableWow64Redirection" property="DisableWow64Redirection">false</variable><variable name="PackageID" property="PackageID" hidden="true">00000000</variable><variable name="_SMSTSRunCommandLineAsUser" property="RunAsUser">false</variable><variable name="SuccessCodes" property="SuccessCodes" hidden="true">0 3010</variable></defaultVarList></step><step type="SMS_TaskSequence_RunCommandLineAction" name="Disable Store Cloud Content" description="Disables Featured Apps from Windows Store" timeout="900" runIn="WinPEandFullOS" successCodeList="0 3010" retryCount="0" runFromNet="false"><action>smsswd.exe /run:00000000 reg import ".\Registry Tweaks\DisableStoreCloudContent.reg"</action><defaultVarList><variable name="CommandLine" property="CommandLine" hidden="true">reg import ".\Registry Tweaks\DisableStoreCloudContent.reg"</variable><variable name="SMSTSDisableWow64Redirection" property="DisableWow64Redirection">false</variable><variable name="PackageID" property="PackageID" hidden="true">00000000</variable><variable name="_SMSTSRunCommandLineAsUser" property="RunAsUser">false</variable><variable name="SuccessCodes" property="SuccessCodes" hidden="true">0 3010</variable></defaultVarList></step><step type="SMS_TaskSequence_RunCommandLineAction" name="Disable Telemetry" description="" timeout="900" runIn="WinPEandFullOS" successCodeList="0 3010" retryCount="0" runFromNet="false"><action>smsswd.exe /run:00000000 reg import ".\Registry Tweaks\DisableTelemetry.reg"</action><defaultVarList><variable name="CommandLine" property="CommandLine" hidden="true">reg import ".\Registry Tweaks\DisableTelemetry.reg"</variable><variable name="SMSTSDisableWow64Redirection" property="DisableWow64Redirection">false</variable><variable name="PackageID" property="PackageID" hidden="true">00000000</variable><variable name="_SMSTSRunCommandLineAsUser" property="RunAsUser">false</variable><variable name="SuccessCodes" property="SuccessCodes" hidden="true">0 3010</variable></defaultVarList></step><step type="SMS_TaskSequence_RunCommandLineAction" name="Disable User Generated Feedback" description="" timeout="900" runIn="WinPEandFullOS" successCodeList="0 3010" retryCount="0" runFromNet="false"><action>smsswd.exe /run:00000000 reg import ".\Registry Tweaks\DisableUserGeneratedFeedback.reg"</action><defaultVarList><variable name="CommandLine" property="CommandLine" hidden="true">reg import ".\Registry Tweaks\DisableUserGeneratedFeedback.reg"</variable><variable name="SMSTSDisableWow64Redirection" property="DisableWow64Redirection">false</variable><variable name="PackageID" property="PackageID" hidden="true">00000000</variable><variable name="_SMSTSRunCommandLineAsUser" property="RunAsUser">false</variable><variable name="SuccessCodes" property="SuccessCodes" hidden="true">0 3010</variable></defaultVarList></step><step type="SMS_TaskSequence_RunCommandLineAction" name="Disable Typing Telemetry" description="" timeout="900" runIn="WinPEandFullOS" successCodeList="0 3010" retryCount="0" runFromNet="false"><action>smsswd.exe /run:00000000 reg import ".\Registry Tweaks\DisableTypingTelemetry.reg"</action><defaultVarList><variable name="CommandLine" property="CommandLine" hidden="true">reg import ".\Registry Tweaks\DisableTypingTelemetry.reg"</variable><variable name="SMSTSDisableWow64Redirection" property="DisableWow64Redirection">false</variable><variable name="PackageID" property="PackageID" hidden="true">00000000</variable><variable name="_SMSTSRunCommandLineAsUser" property="RunAsUser">false</variable><variable name="SuccessCodes" property="SuccessCodes" hidden="true">0 3010</variable></defaultVarList></step><step type="SMS_TaskSequence_RunCommandLineAction" name="Disable WiFi Sense" description="" timeout="900" runIn="WinPEandFullOS" successCodeList="0 3010" retryCount="0" runFromNet="false"><action>smsswd.exe /run:00000000 reg import ".\Registry Tweaks\DisableWiFiSense.reg"</action><defaultVarList><variable name="CommandLine" property="CommandLine" hidden="true">reg import ".\Registry Tweaks\DisableWiFiSense.reg"</variable><variable name="SMSTSDisableWow64Redirection" property="DisableWow64Redirection">false</variable><variable name="PackageID" property="PackageID" hidden="true">00000000</variable><variable name="_SMSTSRunCommandLineAsUser" property="RunAsUser">false</variable><variable name="SuccessCodes" property="SuccessCodes" hidden="true">0 3010</variable></defaultVarList></step><step type="SMS_TaskSequence_RunCommandLineAction" name="WMI Service Settings" description="Changes WMI to be in a higher level group so it starts sooner" timeout="900" runIn="WinPEandFullOS" successCodeList="0 3010" retryCount="0" runFromNet="false"><action>smsswd.exe /run:00000000 reg import ".\Registry Tweaks\WMIGroupPriority.reg"</action><defaultVarList><variable name="CommandLine" property="CommandLine" hidden="true">reg import ".\Registry Tweaks\WMIGroupPriority.reg"</variable><variable name="SMSTSDisableWow64Redirection" property="DisableWow64Redirection">false</variable><variable name="PackageID" property="PackageID" hidden="true">00000000</variable><variable name="_SMSTSRunCommandLineAsUser" property="RunAsUser">false</variable><variable name="SuccessCodes" property="SuccessCodes" hidden="true">0 3010</variable></defaultVarList></step><step type="SMS_TaskSequence_RunCommandLineAction" name="Group Policy Service Settings" description="Changes group policy to be a stand alone service.  This handles an issue where the very first logon fails." timeout="900" runIn="WinPEandFullOS" successCodeList="0 3010" retryCount="0" runFromNet="false"><action>smsswd.exe /run:00000000 reg import ".\Registry Tweaks\GroupPolicyServiceConfiguration.reg"</action><defaultVarList><variable name="CommandLine" property="CommandLine" hidden="true">reg import ".\Registry Tweaks\GroupPolicyServiceConfiguration.reg"</variable><variable name="SMSTSDisableWow64Redirection" property="DisableWow64Redirection">false</variable><variable name="PackageID" property="PackageID" hidden="true">00000000</variable><variable name="_SMSTSRunCommandLineAsUser" property="RunAsUser">false</variable><variable name="SuccessCodes" property="SuccessCodes" hidden="true">0 3010</variable></defaultVarList></step><step type="SMS_TaskSequence_RunCommandLineAction" name="Disable IE First Run Window" description="" timeout="900" runIn="WinPEandFullOS" successCodeList="0 3010" retryCount="0" runFromNet="false"><action>smsswd.exe /run:00000000 reg import ".\Registry Tweaks\DisableIEFirstRun.reg"</action><defaultVarList><variable name="CommandLine" property="CommandLine" hidden="true">reg import ".\Registry Tweaks\DisableIEFirstRun.reg"</variable><variable name="SMSTSDisableWow64Redirection" property="DisableWow64Redirection">false</variable><variable name="PackageID" property="PackageID" hidden="true">00000000</variable><variable name="_SMSTSRunCommandLineAsUser" property="RunAsUser">false</variable><variable name="SuccessCodes" property="SuccessCodes" hidden="true">0 3010</variable></defaultVarList></step><step type="SMS_TaskSequence_RunCommandLineAction" name="Disable Master Browser" description="Prevents workstations from becoming master browsers or holding elections" timeout="900" runIn="WinPEandFullOS" successCodeList="0 3010" retryCount="0" runFromNet="false"><action>smsswd.exe /run:00000000 reg import ".\Registry Tweaks\DisableMasterBrowser.reg"</action><defaultVarList><variable name="CommandLine" property="CommandLine" hidden="true">reg import ".\Registry Tweaks\DisableMasterBrowser.reg"</variable><variable name="SMSTSDisableWow64Redirection" property="DisableWow64Redirection">false</variable><variable name="PackageID" property="PackageID" hidden="true">00000000</variable><variable name="_SMSTSRunCommandLineAsUser" property="RunAsUser">false</variable><variable name="SuccessCodes" property="SuccessCodes" hidden="true">0 3010</variable></defaultVarList></step><step type="SMS_TaskSequence_RunCommandLineAction" name="Disable Windows Automatic Updates" description="Prevent workstations from going to Microsoft for updates" timeout="900" runIn="WinPEandFullOS" successCodeList="0 3010" retryCount="0" runFromNet="false"><action>smsswd.exe /run:00000000 reg import ".\Registry Tweaks\DisableWindowsAutomaticUpdates.reg"</action><defaultVarList><variable name="CommandLine" property="CommandLine" hidden="true">reg import ".\Registry Tweaks\DisableWindowsAutomaticUpdates.reg"</variable><variable name="SMSTSDisableWow64Redirection" property="DisableWow64Redirection">false</variable><variable name="PackageID" property="PackageID" hidden="true">00000000</variable><variable name="_SMSTSRunCommandLineAsUser" property="RunAsUser">false</variable><variable name="SuccessCodes" property="SuccessCodes" hidden="true">0 3010</variable></defaultVarList></step><step type="SMS_TaskSequence_RunCommandLineAction" name="Lock Screen Image" description="Change the lock screen image" disable="true" timeout="900" runIn="WinPEandFullOS" successCodeList="0 3010" retryCount="0" runFromNet="false"><action>smsswd.exe /run:00000000 reg import ".\Registry Tweaks\LockScreenImage.reg"</action><defaultVarList><variable name="CommandLine" property="CommandLine" hidden="true">reg import ".\Registry Tweaks\LockScreenImage.reg"</variable><variable name="SMSTSDisableWow64Redirection" property="DisableWow64Redirection">false</variable><variable name="PackageID" property="PackageID" hidden="true">00000000</variable><variable name="_SMSTSRunCommandLineAsUser" property="RunAsUser">false</variable><variable name="SuccessCodes" property="SuccessCodes" hidden="true">0 3010</variable></defaultVarList></step></group><group name="Google" description=""><step type="SMS_TaskSequence_RunCommandLineAction" name="Disable Google Chrome Updates" description="" disable="true" timeout="900" runIn="WinPEandFullOS" successCodeList="0 3010" retryCount="0" runFromNet="false"><action>smsswd.exe /run:00000000 reg import ".\Registry Tweaks\Disable-Chrome-Updates.reg"</action><defaultVarList><variable name="CommandLine" property="CommandLine" hidden="true">reg import ".\Registry Tweaks\Disable-Chrome-Updates.reg"</variable><variable name="SMSTSDisableWow64Redirection" property="DisableWow64Redirection">false</variable><variable name="PackageID" property="PackageID" hidden="true">00000000</variable><variable name="_SMSTSRunCommandLineAsUser" property="RunAsUser">false</variable><variable name="SuccessCodes" property="SuccessCodes" hidden="true">0 3010</variable></defaultVarList></step></group><group name="Citrix" description="Standard Citrix configuration.  A good example of how to modify registry using the command line rather than importing a reg file."><step type="SMS_TaskSequence_RunCommandLineAction" name="Citrix Disable Prompt" description="" runIn="WinPEandFullOS" successCodeList="0 3010" retryCount="0" runFromNet="false"><action>smsswd.exe /run: reg add HKLM\Software\Citrix\PNAgent /v SuppressURLPromptAtLogin /t REG_DWORD /d 1</action><defaultVarList><variable name="CommandLine" property="CommandLine" hidden="true">reg add HKLM\Software\Citrix\PNAgent /v SuppressURLPromptAtLogin /t REG_DWORD /d 1</variable><variable name="SMSTSDisableWow64Redirection" property="DisableWow64Redirection">false</variable><variable name="_SMSTSRunCommandLineAsUser" property="RunAsUser">false</variable><variable name="SuccessCodes" property="SuccessCodes" hidden="true">0 3010</variable></defaultVarList></step><step type="SMS_TaskSequence_RunCommandLineAction" name="Citrix Roaming RegKeys I" description="" runIn="WinPEandFullOS" successCodeList="0 3010" retryCount="0" runFromNet="false"><action>smsswd.exe /run: reg add "HKLM\Software\Citrix\ICA Client\Engine\Configuration\Advanced\Modules\Thinwire3.0" /v Tw2IgnoreValidationErrors /t REG_SZ /d TRUE</action><defaultVarList><variable name="CommandLine" property="CommandLine" hidden="true">reg add "HKLM\Software\Citrix\ICA Client\Engine\Configuration\Advanced\Modules\Thinwire3.0" /v Tw2IgnoreValidationErrors /t REG_SZ /d TRUE</variable><variable name="SMSTSDisableWow64Redirection" property="DisableWow64Redirection">false</variable><variable name="_SMSTSRunCommandLineAsUser" property="RunAsUser">false</variable><variable name="SuccessCodes" property="SuccessCodes" hidden="true">0 3010</variable></defaultVarList></step><step type="SMS_TaskSequence_RunCommandLineAction" name="Citrix Roaming RegKeys II" description="" runIn="WinPEandFullOS" successCodeList="0 3010" retryCount="0" runFromNet="false"><action>smsswd.exe /run: reg add "HKLM\Software\Citrix\ICA Client\Engine\Configuration\Advanced\Modules\Thinwire3.0" /v Tw2IgnoreExecutionErrors /t REG_SZ /d TRUE</action><defaultVarList><variable name="CommandLine" property="CommandLine" hidden="true">reg add "HKLM\Software\Citrix\ICA Client\Engine\Configuration\Advanced\Modules\Thinwire3.0" /v Tw2IgnoreExecutionErrors /t REG_SZ /d TRUE</variable><variable name="SMSTSDisableWow64Redirection" property="DisableWow64Redirection">false</variable><variable name="_SMSTSRunCommandLineAsUser" property="RunAsUser">false</variable><variable name="SuccessCodes" property="SuccessCodes" hidden="true">0 3010</variable></defaultVarList></step></group></group><group name="Install Core Applications" description=""><group name="Windows Configuration" description=""><step type="BDD_UsePackage" name="Use Toolkit Package" description="Load the MDT toolkit, this lets us run a Gather and get a ton of TS vars." disable="true" runIn="WinPEandFullOS" successCodeList="0" retryCount="0" runFromNet="false"><condition><operator type="not"><expression type="SMS_TaskSequence_FolderConditionExpression"><variable name="Path">%ScriptRoot%</variable></expression></operator></condition><action>smsswd.exe /run: cscript.exe Scripts\ZTISCCM.wsf</action><defaultVarList><variable name="BDDPackageID" property="PackageID" hidden="true"></variable></defaultVarList></step><step type="BDD_InstallRoles" name="Install Roles and Features" description="Use MDT integration to turn on roles and features. Most often used for enabling .NET Framework 3.5" runIn="WinPEandFullOS" successCodeList="0" retryCount="0" runFromNet="false"><action>smsswd.exe /run: cscript.exe "%DeployRoot%\Scripts\ZTIOSRole.wsf"</action><defaultVarList><variable name="OSFeatures" property="OSFeatures">NetFx3,WCF-NonHTTP-Activation</variable><variable name="OSRoleIndex" property="OSRoleIndex">13</variable><variable name="OSRoleServices" property="OSRoleServices"></variable><variable name="OSRoles" property="OSRoles"></variable></defaultVarList></step><step type="BDD_UninstallRoles" name="Uninstall Roles and Features" description="Uninstall any unwanted roles and features" runIn="WinPEandFullOS" successCodeList="0" retryCount="0" runFromNet="false"><action>smsswd.exe /run: cscript.exe "%DeployRoot%\Scripts\ZTIOSRole.wsf" /uninstall</action><defaultVarList><variable name="CompletelyRemove" property="CompletelyRemove">false</variable><variable name="OSRoleIndex" property="OSRoleIndex">13</variable><variable name="UninstallOSFeatures" property="UninstallOSFeatures"></variable><variable name="UninstallOSRoleServices" property="UninstallOSRoleServices"></variable><variable name="UninstallOSRoles" property="UninstallOSRoles"></variable></defaultVarList></step><step type="SMS_TaskSequence_RunCommandLineAction" name="Set WMI to run as own process" description="Configure WMI to run on a static port, this makes handling firewall and network exceptions much easier." timeout="900" runIn="WinPEandFullOS" successCodeList="0 3010" retryCount="0" runFromNet="false"><action>smsswd.exe /run: winmgmt /standalonehost</action><defaultVarList><variable name="CommandLine" property="CommandLine" hidden="true">winmgmt /standalonehost</variable><variable name="SMSTSDisableWow64Redirection" property="DisableWow64Redirection">false</variable><variable name="_SMSTSRunCommandLineAsUser" property="RunAsUser">false</variable><variable name="SuccessCodes" property="SuccessCodes" hidden="true">0 3010</variable></defaultVarList></step></group><group name="Frameworks" description=""><step type="SMS_TaskSequence_InstallApplicationAction" name="Microsoft Visual C++ Redistributables" description="Install Microsoft Visual C++ Redistributables.  Both x64 and x86 are required for Windows x64" disable="true" runIn="FullOS" successCodeList="0" retryCount="2" runFromNet="false"><action>smsappinstall.exe /app: /basevar: /continueOnError:False</action><defaultVarList><variable name="ApplicationName" property="ApplicationName" hidden="true"></variable><variable name="ContinueOnInstallError" property="ContinueOnInstallError" hidden="true">false</variable><variable name="OSDAppCount" property="NumApps">0</variable><variable name="RetryCount" property="RetryCount" hidden="true">2</variable></defaultVarList></step></group><step type="SMS_TaskSequence_InstallApplicationAction" name="Microsoft Office 2016 Standard" description="Install Office if required" disable="true" runIn="FullOS" successCodeList="0" retryCount="2" runFromNet="false"><action>smsappinstall.exe /app: /basevar: /continueOnError:False</action><defaultVarList><variable name="OSDApp" property="AppInfo" hidden="true">0</variable><variable name="ApplicationName" property="ApplicationName" hidden="true"></variable><variable name="ContinueOnInstallError" property="ContinueOnInstallError" hidden="true">false</variable><variable name="OSDAppCount" property="NumApps">0</variable><variable name="RetryCount" property="RetryCount" hidden="true">2</variable></defaultVarList></step><step type="SMS_TaskSequence_RebootAction" name="Restart Computer" description="Restart as often Office flags for a restart required" runIn="WinPEandFullOS" successCodeList="0" retryCount="0" runFromNet="false"><action>smsboot.exe /target:HD</action><defaultVarList><variable name="SMSRebootMessage" property="Message"></variable><variable name="SMSRebootTimeout" property="MessageTimeout">1</variable><variable name="SMSRebootTarget" property="Target" hidden="true">HD</variable></defaultVarList></step><step type="SMS_TaskSequence_InstallApplicationAction" name="Skype for Business" description="Install Skype if required." disable="true" runIn="FullOS" successCodeList="0" retryCount="2" runFromNet="false"><action>smsappinstall.exe /app: /basevar: /continueOnError:False</action><defaultVarList><variable name="OSDApp" property="AppInfo" hidden="true">0</variable><variable name="ApplicationName" property="ApplicationName" hidden="true"></variable><variable name="ContinueOnInstallError" property="ContinueOnInstallError" hidden="true">false</variable><variable name="OSDAppCount" property="NumApps">0</variable><variable name="RetryCount" property="RetryCount" hidden="true">2</variable></defaultVarList></step></group><group name="Install Windows Updates" description="Run Windows Updates in 3 passes to make sure we get all updates (especially important if you are including Office in the base WIM)."><group name="Updates Pass II" description=""><step type="SMS_TaskSequence_RunCommandLineAction" name="Scan for Updates" description="" timeout="900" runIn="WinPEandFullOS" successCodeList="0 3010" retryCount="0" runFromNet="false"><action>smsswd.exe /run: WMIC /namespace:\\root\ccm path sms_client CALL TriggerSchedule "{00000000-0000-0000-0000-000000000113}" /NOINTERACTIVE</action><defaultVarList><variable name="CommandLine" property="CommandLine" hidden="true">WMIC /namespace:\\root\ccm path sms_client CALL TriggerSchedule "{00000000-0000-0000-0000-000000000113}" /NOINTERACTIVE</variable><variable name="SMSTSDisableWow64Redirection" property="DisableWow64Redirection">false</variable><variable name="_SMSTSRunCommandLineAsUser" property="RunAsUser">false</variable><variable name="SuccessCodes" property="SuccessCodes" hidden="true">0 3010</variable></defaultVarList></step></group><group name="Updates Pass III" description=""><step type="SMS_TaskSequence_RunCommandLineAction" name="Scan for Updates" description="" timeout="900" runIn="WinPEandFullOS" successCodeList="0 3010" retryCount="0" runFromNet="false"><action>smsswd.exe /run: WMIC /namespace:\\root\ccm path sms_client CALL TriggerSchedule "{00000000-0000-0000-0000-000000000113}" /NOINTERACTIVE</action><defaultVarList><variable name="CommandLine" property="CommandLine" hidden="true">WMIC /namespace:\\root\ccm path sms_client CALL TriggerSchedule "{00000000-0000-0000-0000-000000000113}" /NOINTERACTIVE</variable><variable name="SMSTSDisableWow64Redirection" property="DisableWow64Redirection">false</variable><variable name="_SMSTSRunCommandLineAsUser" property="RunAsUser">false</variable><variable name="SuccessCodes" property="SuccessCodes" hidden="true">0 3010</variable></defaultVarList></step><step type="SMS_TaskSequence_RebootAction" name="Restart Computer" description="Reboot after restarts to finalize any updates" runIn="WinPEandFullOS" successCodeList="0" retryCount="0" runFromNet="false"><action>smsboot.exe /target:HD</action><defaultVarList><variable name="SMSRebootMessage" property="Message"></variable><variable name="SMSRebootTimeout" property="MessageTimeout">1</variable><variable name="SMSRebootTarget" property="Target" hidden="true">HD</variable></defaultVarList></step></group></group><group name="Task Sequence Clean Up" description=""><step type="SMS_TaskSequence_RunCommandLineAction" name="Run Once Clean Up" description="Loops through the RunOnce registry key, executes the key.  If process returns a 0, removes the key, if not leave it. This clears up a lot of the entries in RunOnce to help speed up the initial logon." timeout="900" runIn="WinPEandFullOS" successCodeList="0 3010" retryCount="0" runFromNet="false"><action>smsswd.exe /run:ABC00023 cscript .\Scripts\RunOnce.vbs</action><defaultVarList><variable name="CommandLine" property="CommandLine" hidden="true">cscript .\Scripts\RunOnce.vbs</variable><variable name="SMSTSDisableWow64Redirection" property="DisableWow64Redirection">false</variable><variable name="PackageID" property="PackageID" hidden="true">ABC00023</variable><variable name="_SMSTSRunCommandLineAsUser" property="RunAsUser">false</variable><variable name="SuccessCodes" property="SuccessCodes" hidden="true">0 3010</variable></defaultVarList></step><step type="SMS_TaskSequence_RunCommandLineAction" name="Run Once x64 Clean Up" description="Loops through the RunOnce registry key, executes the key.  If process returns a 0, removes the key, if not leave it. This clears up a lot of the entries in RunOnce to help speed up the initial logon." timeout="900" runIn="WinPEandFullOS" successCodeList="0 3010" retryCount="0" runFromNet="false"><action>smsswd.exe /run:ABC00023 cscript .\Scripts\RunOnce64.vbs</action><defaultVarList><variable name="CommandLine" property="CommandLine" hidden="true">cscript .\Scripts\RunOnce64.vbs</variable><variable name="SMSTSDisableWow64Redirection" property="DisableWow64Redirection">false</variable><variable name="PackageID" property="PackageID" hidden="true">ABC00023</variable><variable name="_SMSTSRunCommandLineAsUser" property="RunAsUser">false</variable><variable name="SuccessCodes" property="SuccessCodes" hidden="true">0 3010</variable></defaultVarList></step><step type="SMS_TaskSequence_RunCommandLineAction" name="Delete Shadow Copies" description="Delete any system restore backups that were made.  Continue on error as it throws a non-standard error if there is nthing to delete." continueOnError="true" timeout="2700" runIn="WinPEandFullOS" successCodeList="0 3010" retryCount="0" runFromNet="false"><action>smsswd.exe /run: vssadmin delete shadows /for=%OSDisk% /all</action><defaultVarList><variable name="CommandLine" property="CommandLine" hidden="true">vssadmin delete shadows /for=%OSDisk% /all</variable><variable name="SMSTSDisableWow64Redirection" property="DisableWow64Redirection">false</variable><variable name="_SMSTSRunCommandLineAsUser" property="RunAsUser">false</variable><variable name="SuccessCodes" property="SuccessCodes" hidden="true">0 3010</variable></defaultVarList></step><step type="SMS_TaskSequence_RunCommandLineAction" name="Import Windows 10 Disk Cleanup" description="Imports a custom profile for disk cleanup" timeout="900" runIn="WinPEandFullOS" successCodeList="0 3010" retryCount="0" runFromNet="false"><action>smsswd.exe /run:ABC00023 reg import ".\Windows 10\Registry Settings\Windows10DiskCleanup.reg"</action><defaultVarList><variable name="CommandLine" property="CommandLine" hidden="true">reg import ".\Windows 10\Registry Settings\Windows10DiskCleanup.reg"</variable><variable name="SMSTSDisableWow64Redirection" property="DisableWow64Redirection">false</variable><variable name="PackageID" property="PackageID" hidden="true">ABC00023</variable><variable name="_SMSTSRunCommandLineAsUser" property="RunAsUser">false</variable><variable name="SuccessCodes" property="SuccessCodes" hidden="true">0 3010</variable></defaultVarList></step><step type="SMS_TaskSequence_RunCommandLineAction" name="Run Disk Cleanup" description="Executes our custom cleanup." timeout="3600" runIn="WinPEandFullOS" successCodeList="0 3010" retryCount="0" runFromNet="false"><action>smsswd.exe /run: CleanMgr.exe /sagerun:0333</action><defaultVarList><variable name="CommandLine" property="CommandLine" hidden="true">CleanMgr.exe /sagerun:0333</variable><variable name="SMSTSDisableWow64Redirection" property="DisableWow64Redirection">false</variable><variable name="_SMSTSRunCommandLineAsUser" property="RunAsUser">false</variable><variable name="SuccessCodes" property="SuccessCodes" hidden="true">0 3010</variable></defaultVarList></step><step type="SMS_TaskSequence_RunCommandLineAction" name="DISM Cleanup Windows" description="Runs a disk cleanup through DISM to remove any cached updates, temp files, etc" timeout="3600" runIn="WinPEandFullOS" successCodeList="0 3010" retryCount="0" runFromNet="false"><action>smsswd.exe /run: DISM.exe /online /Cleanup-Image /StartComponentCleanup</action><defaultVarList><variable name="CommandLine" property="CommandLine" hidden="true">DISM.exe /online /Cleanup-Image /StartComponentCleanup</variable><variable name="SMSTSDisableWow64Redirection" property="DisableWow64Redirection">false</variable><variable name="_SMSTSRunCommandLineAsUser" property="RunAsUser">false</variable><variable name="SuccessCodes" property="SuccessCodes" hidden="true">0 3010</variable></defaultVarList></step><step type="SMS_TaskSequence_RunCommandLineAction" name="DISM Cleanup Windows" description="Removes any service pack update files." timeout="3600" runIn="WinPEandFullOS" successCodeList="0 3010" retryCount="0" runFromNet="false"><action>smsswd.exe /run: DISM.exe /online /Cleanup-Image /StartComponentCleanup /ResetBase</action><defaultVarList><variable name="CommandLine" property="CommandLine" hidden="true">DISM.exe /online /Cleanup-Image /StartComponentCleanup /ResetBase</variable><variable name="SMSTSDisableWow64Redirection" property="DisableWow64Redirection">false</variable><variable name="_SMSTSRunCommandLineAsUser" property="RunAsUser">false</variable><variable name="SuccessCodes" property="SuccessCodes" hidden="true">0 3010</variable></defaultVarList></step><step type="SMS_TaskSequence_RunCommandLineAction" name="Rebuild System Center Client" description="Fixes issue with System Center Client hanging and waiting for a service to start, resolved in 1607+ but does not hurt to have." timeout="3600" runIn="WinPEandFullOS" successCodeList="0 3010" retryCount="0" runFromNet="false"><action>smsswd.exe /run: %OSDisk%\Windows\CCM\ccmrepair.exe</action><defaultVarList><variable name="CommandLine" property="CommandLine" hidden="true">%OSDisk%\Windows\CCM\ccmrepair.exe</variable><variable name="SMSTSDisableWow64Redirection" property="DisableWow64Redirection">false</variable><variable name="_SMSTSRunCommandLineAsUser" property="RunAsUser">false</variable><variable name="SuccessCodes" property="SuccessCodes" hidden="true">0 3010</variable></defaultVarList></step></group></group><group name="Capture the Reference Machine" description="Actions to prepare and capture the reference machine"><step type="SMS_TaskSequence_PrepareSMSClientAction" name="Prepare Configuration Manager Client" description="" runIn="FullOS" successCodeList="0" retryCount="0" runFromNet="false"><action>osdpreparesmsclient.exe</action><defaultVarList/></step><step type="SMS_TaskSequence_PrepareOSAction" name="Prepare OS" description="" runIn="FullOS" successCodeList="0" retryCount="0" runFromNet="false"><action>osdprepareos.exe /activate:%OSDKeepActivation% /bmsd:%OSDBuildStorageDriverList%</action><defaultVarList><variable name="OSDBuildStorageDriverList" property="BuildStorageDriverList">false</variable><variable name="OSDKeepActivation" property="KeepActivation">false</variable></defaultVarList></step><step type="SMS_TaskSequence_CaptureSystemImageAction" name="Capture the Reference Machine" description="" runIn="WinPE" successCodeList="0" retryCount="0" runFromNet="false"><action>osdcapturesystemimage.exe</action><defaultVarList><variable name="OSDCaptureDestination" property="CaptureDestination">\\SERVER\Source$\OSD\WIMCapture\WIMCapture.wim</variable><variable name="OSDCaptureAccount" property="CaptureUsername">DOMAIN\User</variable><variable name="OSDImageCreator" property="ImageCreator">CREATOR</variable><variable name="OSDImageDescription" property="ImageDescription">Build and Capture Windows 10 - Core</variable><variable name="OSDImageVersion" property="ImageVersion"></variable></defaultVarList></step></group></sequence>
]]></VALUE>
  </PROPERTY>
  <PROPERTY NAME="ShareName" CLASSORIGIN="SMS_PackageBaseclass" TYPE="string">
    <QUALIFIER NAME="CIMTYPE" PROPAGATED="true" TYPE="string" TOINSTANCE="true">
      <VALUE>string</VALUE>
    </QUALIFIER>
    <VALUE></VALUE>
  </PROPERTY>
  <PROPERTY NAME="ShareType" CLASSORIGIN="SMS_PackageBaseclass" TYPE="uint32">
    <QUALIFIER NAME="CIMTYPE" PROPAGATED="true" TYPE="string" TOINSTANCE="true">
      <VALUE>uint32</VALUE>
    </QUALIFIER>
    <VALUE>1</VALUE>
  </PROPERTY>
  <PROPERTY NAME="SourceDate" CLASSORIGIN="SMS_PackageBaseclass" TYPE="datetime">
    <QUALIFIER NAME="CIMTYPE" PROPAGATED="true" TYPE="string" TOINSTANCE="true">
      <VALUE>datetime</VALUE>
    </QUALIFIER>
    <VALUE>20161024200659.000000+000</VALUE>
  </PROPERTY>
  <PROPERTY NAME="SourceSite" CLASSORIGIN="SMS_PackageBaseclass" TYPE="string">
    <QUALIFIER NAME="CIMTYPE" PROPAGATED="true" TYPE="string" TOINSTANCE="true">
      <VALUE>string</VALUE>
    </QUALIFIER>
    <VALUE>ABC</VALUE>
  </PROPERTY>
  <PROPERTY NAME="SourceVersion" CLASSORIGIN="SMS_PackageBaseclass" TYPE="uint32">
    <QUALIFIER NAME="CIMTYPE" PROPAGATED="true" TYPE="string" TOINSTANCE="true">
      <VALUE>uint32</VALUE>
    </QUALIFIER>
    <VALUE>1</VALUE>
  </PROPERTY>
  <PROPERTY NAME="StoredPkgPath" CLASSORIGIN="SMS_PackageBaseclass" TYPE="string">
    <QUALIFIER NAME="CIMTYPE" PROPAGATED="true" TYPE="string" TOINSTANCE="true">
      <VALUE>string</VALUE>
    </QUALIFIER>
    <VALUE></VALUE>
  </PROPERTY>
  <PROPERTY NAME="StoredPkgVersion" CLASSORIGIN="SMS_PackageBaseclass" TYPE="uint32">
    <QUALIFIER NAME="CIMTYPE" PROPAGATED="true" TYPE="string" TOINSTANCE="true">
      <VALUE>uint32</VALUE>
    </QUALIFIER>
    <VALUE>1</VALUE>
  </PROPERTY>
  <PROPERTY.OBJECTARRAY NAME="SupportedOperatingSystems" CLASSORIGIN="SMS_TaskSequencePackage" REFERENCECLASS="SMS_OS_Details">
    <QUALIFIER NAME="CIMTYPE" PROPAGATED="true" TYPE="string" TOINSTANCE="true">
      <VALUE>object:SMS_OS_Details</VALUE>
    </QUALIFIER>
    <VALUE.OBJECTARRAY></VALUE.OBJECTARRAY>
  </PROPERTY.OBJECTARRAY>
  <PROPERTY NAME="TaskSequenceFlags" CLASSORIGIN="SMS_TaskSequencePackage" TYPE="uint32">
    <QUALIFIER NAME="CIMTYPE" PROPAGATED="true" TYPE="string" TOINSTANCE="true">
      <VALUE>uint32</VALUE>
    </QUALIFIER>
    <VALUE>0</VALUE>
  </PROPERTY>
  <PROPERTY NAME="Type" CLASSORIGIN="SMS_TaskSequencePackage" TYPE="uint32">
    <QUALIFIER NAME="CIMTYPE" PROPAGATED="true" TYPE="string" TOINSTANCE="true">
      <VALUE>uint32</VALUE>
    </QUALIFIER>
    <VALUE>2</VALUE>
  </PROPERTY>
  <PROPERTY NAME="Version" CLASSORIGIN="SMS_PackageBaseclass" TYPE="string">
    <QUALIFIER NAME="CIMTYPE" PROPAGATED="true" TYPE="string" TOINSTANCE="true">
      <VALUE>string</VALUE>
    </QUALIFIER>
    <VALUE></VALUE>
  </PROPERTY>
</INSTANCE>