<INSTANCE CLASSNAME="SMS_BootImagePackage">
  <QUALIFIER NAME="dynamic" PROPAGATED="true" TYPE="boolean" TOSUBCLASS="false" TOINSTANCE="true">
    <VALUE>TRUE</VALUE>
  </QUALIFIER>
  <QUALIFIER NAME="SecurityVerbs" TYPE="sint32" TOSUBCLASS="false">
    <VALUE>-1</VALUE>
  </QUALIFIER>
  <PROPERTY NAME="__PATH" CLASSORIGIN="___SYSTEM" TYPE="string">
    <VALUE>\\CM1\root\sms\site_CHQ:SMS_BootImagePackage.PackageID="CHQ00005"</VALUE>
  </PROPERTY>
  <PROPERTY NAME="__NAMESPACE" CLASSORIGIN="___SYSTEM" TYPE="string">
    <VALUE>root\sms\site_CHQ</VALUE>
  </PROPERTY>
  <PROPERTY NAME="__SERVER" CLASSORIGIN="___SYSTEM" TYPE="string">
    <VALUE>CM1</VALUE>
  </PROPERTY>
  <PROPERTY.ARRAY NAME="__DERIVATION" CLASSORIGIN="___SYSTEM" TYPE="string">
    <VALUE.ARRAY>
      <VALUE>SMS_PackageBaseclass</VALUE>
      <VALUE>SMS_BaseClass</VALUE>
    </VALUE.ARRAY>
  </PROPERTY.ARRAY>
  <PROPERTY NAME="__PROPERTY_COUNT" CLASSORIGIN="___SYSTEM" TYPE="sint32">
    <VALUE>68</VALUE>
  </PROPERTY>
  <PROPERTY NAME="__RELPATH" CLASSORIGIN="___SYSTEM" TYPE="string">
    <VALUE>SMS_BootImagePackage.PackageID="CHQ00005"</VALUE>
  </PROPERTY>
  <PROPERTY NAME="__DYNASTY" CLASSORIGIN="___SYSTEM" TYPE="string">
    <VALUE>SMS_BaseClass</VALUE>
  </PROPERTY>
  <PROPERTY NAME="__SUPERCLASS" CLASSORIGIN="___SYSTEM" TYPE="string">
    <VALUE>SMS_PackageBaseclass</VALUE>
  </PROPERTY>
  <PROPERTY NAME="__CLASS" CLASSORIGIN="___SYSTEM" TYPE="string">
    <VALUE>SMS_BootImagePackage</VALUE>
  </PROPERTY>
  <PROPERTY NAME="__GENUS" CLASSORIGIN="___SYSTEM" TYPE="sint32">
    <VALUE>2</VALUE>
  </PROPERTY>
  <PROPERTY NAME="ActionInProgress" CLASSORIGIN="SMS_PackageBaseclass" TYPE="uint32">
    <QUALIFIER NAME="CIMTYPE" PROPAGATED="true" TYPE="string" TOINSTANCE="true">
      <VALUE>uint32</VALUE>
    </QUALIFIER>
    <VALUE>1</VALUE>
  </PROPERTY>
  <PROPERTY NAME="AlternateContentProviders" CLASSORIGIN="SMS_PackageBaseclass" TYPE="string">
    <QUALIFIER NAME="CIMTYPE" PROPAGATED="true" TYPE="string" TOINSTANCE="true">
      <VALUE>string</VALUE>
    </QUALIFIER>
    <VALUE></VALUE>
  </PROPERTY>
  <PROPERTY NAME="Architecture" CLASSORIGIN="SMS_BootImagePackage" TYPE="string">
    <QUALIFIER NAME="CIMTYPE" PROPAGATED="true" TYPE="string" TOINSTANCE="true">
      <VALUE>string</VALUE>
    </QUALIFIER>
    <VALUE>9</VALUE>
  </PROPERTY>
  <PROPERTY NAME="BackgroundBitmapPath" CLASSORIGIN="SMS_BootImagePackage" TYPE="string">
    <QUALIFIER NAME="CIMTYPE" PROPAGATED="true" TYPE="string" TOINSTANCE="true">
      <VALUE>string</VALUE>
    </QUALIFIER>
    <VALUE></VALUE>
  </PROPERTY>
  <PROPERTY NAME="BaseBoardProductID" CLASSORIGIN="SMS_PackageBaseclass" TYPE="string">
    <QUALIFIER NAME="CIMTYPE" PROPAGATED="true" TYPE="string" TOINSTANCE="true">
      <VALUE>string</VALUE>
    </QUALIFIER>
    <VALUE></VALUE>
  </PROPERTY>
  <PROPERTY NAME="ContextID" CLASSORIGIN="SMS_BootImagePackage" TYPE="string">
    <QUALIFIER NAME="CIMTYPE" PROPAGATED="true" TYPE="string" TOINSTANCE="true">
      <VALUE>string</VALUE>
    </QUALIFIER>
    <VALUE></VALUE>
  </PROPERTY>
  <PROPERTY NAME="DefaultImage" CLASSORIGIN="SMS_BootImagePackage" TYPE="boolean">
    <QUALIFIER NAME="CIMTYPE" PROPAGATED="true" TYPE="string" TOINSTANCE="true">
      <VALUE>boolean</VALUE>
    </QUALIFIER>
    <VALUE>TRUE</VALUE>
  </PROPERTY>
  <PROPERTY NAME="Description" CLASSORIGIN="SMS_PackageBaseclass" TYPE="string">
    <QUALIFIER NAME="CIMTYPE" PROPAGATED="true" TYPE="string" TOINSTANCE="true">
      <VALUE>string</VALUE>
    </QUALIFIER>
    <VALUE>This boot image is created during setup.</VALUE>
  </PROPERTY>
  <PROPERTY NAME="DriverManufacturer" CLASSORIGIN="SMS_PackageBaseclass" TYPE="string">
    <QUALIFIER NAME="CIMTYPE" PROPAGATED="true" TYPE="string" TOINSTANCE="true">
      <VALUE>string</VALUE>
    </QUALIFIER>
    <VALUE></VALUE>
  </PROPERTY>
  <PROPERTY NAME="DriverModel" CLASSORIGIN="SMS_PackageBaseclass" TYPE="string">
    <QUALIFIER NAME="CIMTYPE" PROPAGATED="true" TYPE="string" TOINSTANCE="true">
      <VALUE>string</VALUE>
    </QUALIFIER>
    <VALUE></VALUE>
  </PROPERTY>
  <PROPERTY NAME="DriverOSVersion" CLASSORIGIN="SMS_PackageBaseclass" TYPE="string">
    <QUALIFIER NAME="CIMTYPE" PROPAGATED="true" TYPE="string" TOINSTANCE="true">
      <VALUE>string</VALUE>
    </QUALIFIER>
    <VALUE></VALUE>
  </PROPERTY>
  <PROPERTY NAME="DriverPkgVersion" CLASSORIGIN="SMS_PackageBaseclass" TYPE="string">
    <QUALIFIER NAME="CIMTYPE" PROPAGATED="true" TYPE="string" TOINSTANCE="true">
      <VALUE>string</VALUE>
    </QUALIFIER>
    <VALUE></VALUE>
  </PROPERTY>
  <PROPERTY NAME="EnableLabShell" CLASSORIGIN="SMS_BootImagePackage" TYPE="boolean">
    <QUALIFIER NAME="CIMTYPE" PROPAGATED="true" TYPE="string" TOINSTANCE="true">
      <VALUE>boolean</VALUE>
    </QUALIFIER>
    <VALUE>TRUE</VALUE>
  </PROPERTY>
  <PROPERTY.ARRAY NAME="ExtendedData" CLASSORIGIN="SMS_PackageBaseclass" TYPE="uint8">
    <QUALIFIER NAME="CIMTYPE" PROPAGATED="true" TYPE="string" TOINSTANCE="true">
      <VALUE>uint8</VALUE>
    </QUALIFIER>
    <VALUE.ARRAY>
      <VALUE>0</VALUE>
      <VALUE>85</VALUE>
      <VALUE>0</VALUE>
      <VALUE>0</VALUE>
      <VALUE>40</VALUE>
      <VALUE>0</VALUE>
      <VALUE>0</VALUE>
      <VALUE>0</VALUE>
      <VALUE>66</VALUE>
      <VALUE>0</VALUE>
      <VALUE>97</VALUE>
      <VALUE>0</VALUE>
      <VALUE>99</VALUE>
      <VALUE>0</VALUE>
      <VALUE>107</VALUE>
      <VALUE>0</VALUE>
      <VALUE>103</VALUE>
      <VALUE>0</VALUE>
      <VALUE>114</VALUE>
      <VALUE>0</VALUE>
      <VALUE>111</VALUE>
      <VALUE>0</VALUE>
      <VALUE>117</VALUE>
      <VALUE>0</VALUE>
      <VALUE>110</VALUE>
      <VALUE>0</VALUE>
      <VALUE>100</VALUE>
      <VALUE>0</VALUE>
      <VALUE>66</VALUE>
      <VALUE>0</VALUE>
      <VALUE>105</VALUE>
      <VALUE>0</VALUE>
      <VALUE>116</VALUE>
      <VALUE>0</VALUE>
      <VALUE>109</VALUE>
      <VALUE>0</VALUE>
      <VALUE>97</VALUE>
      <VALUE>0</VALUE>
      <VALUE>112</VALUE>
      <VALUE>0</VALUE>
      <VALUE>80</VALUE>
      <VALUE>0</VALUE>
      <VALUE>97</VALUE>
      <VALUE>0</VALUE>
      <VALUE>116</VALUE>
      <VALUE>0</VALUE>
      <VALUE>104</VALUE>
      <VALUE>0</VALUE>
      <VALUE>0</VALUE>
      <VALUE>0</VALUE>
      <VALUE>0</VALUE>
      <VALUE>0</VALUE>
      <VALUE>0</VALUE>
      <VALUE>238</VALUE>
      <VALUE>0</VALUE>
      <VALUE>0</VALUE>
      <VALUE>0</VALUE>
      <VALUE>85</VALUE>
      <VALUE>0</VALUE>
      <VALUE>0</VALUE>
      <VALUE>28</VALUE>
      <VALUE>0</VALUE>
      <VALUE>0</VALUE>
      <VALUE>0</VALUE>
      <VALUE>69</VALUE>
      <VALUE>0</VALUE>
      <VALUE>110</VALUE>
      <VALUE>0</VALUE>
      <VALUE>97</VALUE>
      <VALUE>0</VALUE>
      <VALUE>98</VALUE>
      <VALUE>0</VALUE>
      <VALUE>108</VALUE>
      <VALUE>0</VALUE>
      <VALUE>101</VALUE>
      <VALUE>0</VALUE>
      <VALUE>76</VALUE>
      <VALUE>0</VALUE>
      <VALUE>97</VALUE>
      <VALUE>0</VALUE>
      <VALUE>98</VALUE>
      <VALUE>0</VALUE>
      <VALUE>83</VALUE>
      <VALUE>0</VALUE>
      <VALUE>104</VALUE>
      <VALUE>0</VALUE>
      <VALUE>101</VALUE>
      <VALUE>0</VALUE>
      <VALUE>108</VALUE>
      <VALUE>0</VALUE>
      <VALUE>108</VALUE>
      <VALUE>0</VALUE>
      <VALUE>8</VALUE>
      <VALUE>0</VALUE>
      <VALUE>0</VALUE>
      <VALUE>0</VALUE>
      <VALUE>116</VALUE>
      <VALUE>0</VALUE>
      <VALUE>114</VALUE>
      <VALUE>0</VALUE>
      <VALUE>117</VALUE>
      <VALUE>0</VALUE>
      <VALUE>101</VALUE>
      <VALUE>0</VALUE>
      <VALUE>0</VALUE>
      <VALUE>238</VALUE>
      <VALUE>0</VALUE>
      <VALUE>0</VALUE>
      <VALUE>0</VALUE>
      <VALUE>85</VALUE>
      <VALUE>0</VALUE>
      <VALUE>0</VALUE>
      <VALUE>20</VALUE>
      <VALUE>0</VALUE>
      <VALUE>0</VALUE>
      <VALUE>0</VALUE>
      <VALUE>73</VALUE>
      <VALUE>0</VALUE>
      <VALUE>109</VALUE>
      <VALUE>0</VALUE>
      <VALUE>97</VALUE>
      <VALUE>0</VALUE>
      <VALUE>103</VALUE>
      <VALUE>0</VALUE>
      <VALUE>101</VALUE>
      <VALUE>0</VALUE>
      <VALUE>73</VALUE>
      <VALUE>0</VALUE>
      <VALUE>110</VALUE>
      <VALUE>0</VALUE>
      <VALUE>100</VALUE>
      <VALUE>0</VALUE>
      <VALUE>101</VALUE>
      <VALUE>0</VALUE>
      <VALUE>120</VALUE>
      <VALUE>0</VALUE>
      <VALUE>2</VALUE>
      <VALUE>0</VALUE>
      <VALUE>0</VALUE>
      <VALUE>0</VALUE>
      <VALUE>49</VALUE>
      <VALUE>0</VALUE>
      <VALUE>0</VALUE>
      <VALUE>238</VALUE>
      <VALUE>0</VALUE>
      <VALUE>0</VALUE>
      <VALUE>0</VALUE>
      <VALUE>85</VALUE>
      <VALUE>0</VALUE>
      <VALUE>0</VALUE>
      <VALUE>26</VALUE>
      <VALUE>0</VALUE>
      <VALUE>0</VALUE>
      <VALUE>0</VALUE>
      <VALUE>73</VALUE>
      <VALUE>0</VALUE>
      <VALUE>109</VALUE>
      <VALUE>0</VALUE>
      <VALUE>97</VALUE>
      <VALUE>0</VALUE>
      <VALUE>103</VALUE>
      <VALUE>0</VALUE>
      <VALUE>101</VALUE>
      <VALUE>0</VALUE>
      <VALUE>80</VALUE>
      <VALUE>0</VALUE>
      <VALUE>114</VALUE>
      <VALUE>0</VALUE>
      <VALUE>111</VALUE>
      <VALUE>0</VALUE>
      <VALUE>112</VALUE>
      <VALUE>0</VALUE>
      <VALUE>101</VALUE>
      <VALUE>0</VALUE>
      <VALUE>114</VALUE>
      <VALUE>0</VALUE>
      <VALUE>116</VALUE>
      <VALUE>0</VALUE>
      <VALUE>121</VALUE>
      <VALUE>0</VALUE>
      <VALUE>140</VALUE>
      <VALUE>5</VALUE>
      <VALUE>0</VALUE>
      <VALUE>0</VALUE>
      <VALUE>60</VALUE>
      <VALUE>0</VALUE>
      <VALUE>87</VALUE>
      <VALUE>0</VALUE>
      <VALUE>73</VALUE>
      <VALUE>0</VALUE>
      <VALUE>77</VALUE>
      <VALUE>0</VALUE>
      <VALUE>62</VALUE>
      <VALUE>0</VALUE>
      <VALUE>60</VALUE>
      <VALUE>0</VALUE>
      <VALUE>73</VALUE>
      <VALUE>0</VALUE>
      <VALUE>77</VALUE>
      <VALUE>0</VALUE>
      <VALUE>65</VALUE>
      <VALUE>0</VALUE>
      <VALUE>71</VALUE>
      <VALUE>0</VALUE>
      <VALUE>69</VALUE>
      <VALUE>0</VALUE>
      <VALUE>32</VALUE>
      <VALUE>0</VALUE>
      <VALUE>110</VALUE>
      <VALUE>0</VALUE>
      <VALUE>97</VALUE>
      <VALUE>0</VALUE>
      <VALUE>109</VALUE>
      <VALUE>0</VALUE>
      <VALUE>101</VALUE>
      <VALUE>0</VALUE>
      <VALUE>61</VALUE>
      <VALUE>0</VALUE>
      <VALUE>34</VALUE>
      <VALUE>0</VALUE>
      <VALUE>77</VALUE>
      <VALUE>0</VALUE>
      <VALUE>105</VALUE>
      <VALUE>0</VALUE>
      <VALUE>99</VALUE>
      <VALUE>0</VALUE>
      <VALUE>114</VALUE>
      <VALUE>0</VALUE>
      <VALUE>111</VALUE>
      <VALUE>0</VALUE>
      <VALUE>115</VALUE>
      <VALUE>0</VALUE>
      <VALUE>111</VALUE>
      <VALUE>0</VALUE>
      <VALUE>102</VALUE>
      <VALUE>0</VALUE>
      <VALUE>116</VALUE>
      <VALUE>0</VALUE>
      <VALUE>32</VALUE>
      <VALUE>0</VALUE>
      <VALUE>87</VALUE>
      <VALUE>0</VALUE>
      <VALUE>105</VALUE>
      <VALUE>0</VALUE>
      <VALUE>110</VALUE>
      <VALUE>0</VALUE>
      <VALUE>100</VALUE>
      <VALUE>0</VALUE>
      <VALUE>111</VALUE>
      <VALUE>0</VALUE>
      <VALUE>119</VALUE>
      <VALUE>0</VALUE>
      <VALUE>115</VALUE>
      <VALUE>0</VALUE>
      <VALUE>32</VALUE>
      <VALUE>0</VALUE>
      <VALUE>80</VALUE>
      <VALUE>0</VALUE>
      <VALUE>69</VALUE>
      <VALUE>0</VALUE>
      <VALUE>32</VALUE>
      <VALUE>0</VALUE>
      <VALUE>40</VALUE>
      <VALUE>0</VALUE>
      <VALUE>120</VALUE>
      <VALUE>0</VALUE>
      <VALUE>54</VALUE>
      <VALUE>0</VALUE>
      <VALUE>52</VALUE>
      <VALUE>0</VALUE>
      <VALUE>41</VALUE>
      <VALUE>0</VALUE>
      <VALUE>34</VALUE>
      <VALUE>0</VALUE>
      <VALUE>32</VALUE>
      <VALUE>0</VALUE>
      <VALUE>105</VALUE>
      <VALUE>0</VALUE>
      <VALUE>110</VALUE>
      <VALUE>0</VALUE>
      <VALUE>100</VALUE>
      <VALUE>0</VALUE>
      <VALUE>101</VALUE>
      <VALUE>0</VALUE>
      <VALUE>120</VALUE>
      <VALUE>0</VALUE>
      <VALUE>61</VALUE>
      <VALUE>0</VALUE>
      <VALUE>34</VALUE>
      <VALUE>0</VALUE>
      <VALUE>49</VALUE>
      <VALUE>0</VALUE>
      <VALUE>34</VALUE>
      <VALUE>0</VALUE>
      <VALUE>62</VALUE>
      <VALUE>0</VALUE>
      <VALUE>60</VALUE>
      <VALUE>0</VALUE>
      <VALUE>80</VALUE>
      <VALUE>0</VALUE>
      <VALUE>114</VALUE>
      <VALUE>0</VALUE>
      <VALUE>111</VALUE>
      <VALUE>0</VALUE>
      <VALUE>112</VALUE>
      <VALUE>0</VALUE>
      <VALUE>101</VALUE>
      <VALUE>0</VALUE>
      <VALUE>114</VALUE>
      <VALUE>0</VALUE>
      <VALUE>116</VALUE>
      <VALUE>0</VALUE>
      <VALUE>121</VALUE>
      <VALUE>0</VALUE>
      <VALUE>32</VALUE>
      <VALUE>0</VALUE>
      <VALUE>110</VALUE>
      <VALUE>0</VALUE>
      <VALUE>97</VALUE>
      <VALUE>0</VALUE>
      <VALUE>109</VALUE>
      <VALUE>0</VALUE>
      <VALUE>101</VALUE>
      <VALUE>0</VALUE>
      <VALUE>61</VALUE>
      <VALUE>0</VALUE>
      <VALUE>34</VALUE>
      <VALUE>0</VALUE>
      <VALUE>79</VALUE>
      <VALUE>0</VALUE>
      <VALUE>83</VALUE>
      <VALUE>0</VALUE>
      <VALUE>32</VALUE>
      <VALUE>0</VALUE>
      <VALUE>118</VALUE>
      <VALUE>0</VALUE>
      <VALUE>101</VALUE>
      <VALUE>0</VALUE>
      <VALUE>114</VALUE>
      <VALUE>0</VALUE>
      <VALUE>115</VALUE>
      <VALUE>0</VALUE>
      <VALUE>105</VALUE>
      <VALUE>0</VALUE>
      <VALUE>111</VALUE>
      <VALUE>0</VALUE>
      <VALUE>110</VALUE>
      <VALUE>0</VALUE>
      <VALUE>34</VALUE>
      <VALUE>0</VALUE>
      <VALUE>32</VALUE>
      <VALUE>0</VALUE>
      <VALUE>114</VALUE>
      <VALUE>0</VALUE>
      <VALUE>101</VALUE>
      <VALUE>0</VALUE>
      <VALUE>97</VALUE>
      <VALUE>0</VALUE>
      <VALUE>100</VALUE>
      <VALUE>0</VALUE>
      <VALUE>111</VALUE>
      <VALUE>0</VALUE>
      <VALUE>110</VALUE>
      <VALUE>0</VALUE>
      <VALUE>108</VALUE>
      <VALUE>0</VALUE>
      <VALUE>121</VALUE>
      <VALUE>0</VALUE>
      <VALUE>61</VALUE>
      <VALUE>0</VALUE>
      <VALUE>34</VALUE>
      <VALUE>0</VALUE>
      <VALUE>116</VALUE>
      <VALUE>0</VALUE>
      <VALUE>114</VALUE>
      <VALUE>0</VALUE>
      <VALUE>117</VALUE>
      <VALUE>0</VALUE>
      <VALUE>101</VALUE>
      <VALUE>0</VALUE>
      <VALUE>34</VALUE>
      <VALUE>0</VALUE>
      <VALUE>62</VALUE>
      <VALUE>0</VALUE>
      <VALUE>49</VALUE>
      <VALUE>0</VALUE>
      <VALUE>48</VALUE>
      <VALUE>0</VALUE>
      <VALUE>46</VALUE>
      <VALUE>0</VALUE>
      <VALUE>48</VALUE>
      <VALUE>0</VALUE>
      <VALUE>46</VALUE>
      <VALUE>0</VALUE>
      <VALUE>49</VALUE>
      <VALUE>0</VALUE>
      <VALUE>55</VALUE>
      <VALUE>0</VALUE>
      <VALUE>55</VALUE>
      <VALUE>0</VALUE>
      <VALUE>54</VALUE>
      <VALUE>0</VALUE>
      <VALUE>51</VALUE>
      <VALUE>0</VALUE>
      <VALUE>46</VALUE>
      <VALUE>0</VALUE>
      <VALUE>49</VALUE>
      <VALUE>0</VALUE>
      <VALUE>60</VALUE>
      <VALUE>0</VALUE>
      <VALUE>47</VALUE>
      <VALUE>0</VALUE>
      <VALUE>80</VALUE>
      <VALUE>0</VALUE>
      <VALUE>114</VALUE>
      <VALUE>0</VALUE>
      <VALUE>111</VALUE>
      <VALUE>0</VALUE>
      <VALUE>112</VALUE>
      <VALUE>0</VALUE>
      <VALUE>101</VALUE>
      <VALUE>0</VALUE>
      <VALUE>114</VALUE>
      <VALUE>0</VALUE>
      <VALUE>116</VALUE>
      <VALUE>0</VALUE>
      <VALUE>121</VALUE>
      <VALUE>0</VALUE>
      <VALUE>62</VALUE>
      <VALUE>0</VALUE>
      <VALUE>60</VALUE>
      <VALUE>0</VALUE>
      <VALUE>80</VALUE>
      <VALUE>0</VALUE>
      <VALUE>114</VALUE>
      <VALUE>0</VALUE>
      <VALUE>111</VALUE>
      <VALUE>0</VALUE>
      <VALUE>112</VALUE>
      <VALUE>0</VALUE>
      <VALUE>101</VALUE>
      <VALUE>0</VALUE>
      <VALUE>114</VALUE>
      <VALUE>0</VALUE>
      <VALUE>116</VALUE>
      <VALUE>0</VALUE>
      <VALUE>121</VALUE>
      <VALUE>0</VALUE>
      <VALUE>32</VALUE>
      <VALUE>0</VALUE>
      <VALUE>110</VALUE>
      <VALUE>0</VALUE>
      <VALUE>97</VALUE>
      <VALUE>0</VALUE>
      <VALUE>109</VALUE>
      <VALUE>0</VALUE>
      <VALUE>101</VALUE>
      <VALUE>0</VALUE>
      <VALUE>61</VALUE>
      <VALUE>0</VALUE>
      <VALUE>34</VALUE>
      <VALUE>0</VALUE>
      <VALUE>65</VALUE>
      <VALUE>0</VALUE>
      <VALUE>114</VALUE>
      <VALUE>0</VALUE>
      <VALUE>99</VALUE>
      <VALUE>0</VALUE>
      <VALUE>104</VALUE>
      <VALUE>0</VALUE>
      <VALUE>105</VALUE>
      <VALUE>0</VALUE>
      <VALUE>116</VALUE>
      <VALUE>0</VALUE>
      <VALUE>101</VALUE>
      <VALUE>0</VALUE>
      <VALUE>99</VALUE>
      <VALUE>0</VALUE>
      <VALUE>116</VALUE>
      <VALUE>0</VALUE>
      <VALUE>117</VALUE>
      <VALUE>0</VALUE>
      <VALUE>114</VALUE>
      <VALUE>0</VALUE>
      <VALUE>101</VALUE>
      <VALUE>0</VALUE>
      <VALUE>34</VALUE>
      <VALUE>0</VALUE>
      <VALUE>32</VALUE>
      <VALUE>0</VALUE>
      <VALUE>114</VALUE>
      <VALUE>0</VALUE>
      <VALUE>101</VALUE>
      <VALUE>0</VALUE>
      <VALUE>97</VALUE>
      <VALUE>0</VALUE>
      <VALUE>100</VALUE>
      <VALUE>0</VALUE>
      <VALUE>111</VALUE>
      <VALUE>0</VALUE>
      <VALUE>110</VALUE>
      <VALUE>0</VALUE>
      <VALUE>108</VALUE>
      <VALUE>0</VALUE>
      <VALUE>121</VALUE>
      <VALUE>0</VALUE>
      <VALUE>61</VALUE>
      <VALUE>0</VALUE>
      <VALUE>34</VALUE>
      <VALUE>0</VALUE>
      <VALUE>116</VALUE>
      <VALUE>0</VALUE>
      <VALUE>114</VALUE>
      <VALUE>0</VALUE>
      <VALUE>117</VALUE>
      <VALUE>0</VALUE>
      <VALUE>101</VALUE>
      <VALUE>0</VALUE>
      <VALUE>34</VALUE>
      <VALUE>0</VALUE>
      <VALUE>62</VALUE>
      <VALUE>0</VALUE>
      <VALUE>57</VALUE>
      <VALUE>0</VALUE>
      <VALUE>60</VALUE>
      <VALUE>0</VALUE>
      <VALUE>47</VALUE>
      <VALUE>0</VALUE>
      <VALUE>80</VALUE>
      <VALUE>0</VALUE>
      <VALUE>114</VALUE>
      <VALUE>0</VALUE>
      <VALUE>111</VALUE>
      <VALUE>0</VALUE>
      <VALUE>112</VALUE>
      <VALUE>0</VALUE>
      <VALUE>101</VALUE>
      <VALUE>0</VALUE>
      <VALUE>114</VALUE>
      <VALUE>0</VALUE>
      <VALUE>116</VALUE>
      <VALUE>0</VALUE>
      <VALUE>121</VALUE>
      <VALUE>0</VALUE>
      <VALUE>62</VALUE>
      <VALUE>0</VALUE>
      <VALUE>60</VALUE>
      <VALUE>0</VALUE>
      <VALUE>80</VALUE>
      <VALUE>0</VALUE>
      <VALUE>114</VALUE>
      <VALUE>0</VALUE>
      <VALUE>111</VALUE>
      <VALUE>0</VALUE>
      <VALUE>112</VALUE>
      <VALUE>0</VALUE>
      <VALUE>101</VALUE>
      <VALUE>0</VALUE>
      <VALUE>114</VALUE>
      <VALUE>0</VALUE>
      <VALUE>116</VALUE>
      <VALUE>0</VALUE>
      <VALUE>121</VALUE>
      <VALUE>0</VALUE>
      <VALUE>32</VALUE>
      <VALUE>0</VALUE>
      <VALUE>110</VALUE>
      <VALUE>0</VALUE>
      <VALUE>97</VALUE>
      <VALUE>0</VALUE>
      <VALUE>109</VALUE>
      <VALUE>0</VALUE>
      <VALUE>101</VALUE>
      <VALUE>0</VALUE>
      <VALUE>61</VALUE>
      <VALUE>0</VALUE>
      <VALUE>34</VALUE>
      <VALUE>0</VALUE>
      <VALUE>67</VALUE>
      <VALUE>0</VALUE>
      <VALUE>114</VALUE>
      <VALUE>0</VALUE>
      <VALUE>101</VALUE>
      <VALUE>0</VALUE>
      <VALUE>97</VALUE>
      <VALUE>0</VALUE>
      <VALUE>116</VALUE>
      <VALUE>0</VALUE>
      <VALUE>105</VALUE>
      <VALUE>0</VALUE>
      <VALUE>111</VALUE>
      <VALUE>0</VALUE>
      <VALUE>110</VALUE>
      <VALUE>0</VALUE>
      <VALUE>32</VALUE>
      <VALUE>0</VALUE>
      <VALUE>100</VALUE>
      <VALUE>0</VALUE>
      <VALUE>97</VALUE>
      <VALUE>0</VALUE>
      <VALUE>116</VALUE>
      <VALUE>0</VALUE>
      <VALUE>101</VALUE>
      <VALUE>0</VALUE>
      <VALUE>34</VALUE>
      <VALUE>0</VALUE>
      <VALUE>32</VALUE>
      <VALUE>0</VALUE>
      <VALUE>114</VALUE>
      <VALUE>0</VALUE>
      <VALUE>101</VALUE>
      <VALUE>0</VALUE>
      <VALUE>97</VALUE>
      <VALUE>0</VALUE>
      <VALUE>100</VALUE>
      <VALUE>0</VALUE>
      <VALUE>111</VALUE>
      <VALUE>0</VALUE>
      <VALUE>110</VALUE>
      <VALUE>0</VALUE>
      <VALUE>108</VALUE>
      <VALUE>0</VALUE>
      <VALUE>121</VALUE>
      <VALUE>0</VALUE>
      <VALUE>61</VALUE>
      <VALUE>0</VALUE>
      <VALUE>34</VALUE>
      <VALUE>0</VALUE>
      <VALUE>116</VALUE>
      <VALUE>0</VALUE>
      <VALUE>114</VALUE>
      <VALUE>0</VALUE>
      <VALUE>117</VALUE>
      <VALUE>0</VALUE>
      <VALUE>101</VALUE>
      <VALUE>0</VALUE>
      <VALUE>34</VALUE>
      <VALUE>0</VALUE>
      <VALUE>62</VALUE>
      <VALUE>0</VALUE>
      <VALUE>50</VALUE>
      <VALUE>0</VALUE>
      <VALUE>48</VALUE>
      <VALUE>0</VALUE>
      <VALUE>49</VALUE>
      <VALUE>0</VALUE>
      <VALUE>56</VALUE>
      <VALUE>0</VALUE>
      <VALUE>48</VALUE>
      <VALUE>0</VALUE>
      <VALUE>57</VALUE>
      <VALUE>0</VALUE>
      <VALUE>49</VALUE>
      <VALUE>0</VALUE>
      <VALUE>53</VALUE>
      <VALUE>0</VALUE>
      <VALUE>48</VALUE>
      <VALUE>0</VALUE>
      <VALUE>54</VALUE>
      <VALUE>0</VALUE>
      <VALUE>51</VALUE>
      <VALUE>0</VALUE>
      <VALUE>57</VALUE>
      <VALUE>0</VALUE>
      <VALUE>51</VALUE>
      <VALUE>0</VALUE>
      <VALUE>50</VALUE>
      <VALUE>0</VALUE>
      <VALUE>46</VALUE>
      <VALUE>0</VALUE>
      <VALUE>57</VALUE>
      <VALUE>0</VALUE>
      <VALUE>53</VALUE>
      <VALUE>0</VALUE>
      <VALUE>51</VALUE>
      <VALUE>0</VALUE>
      <VALUE>48</VALUE>
      <VALUE>0</VALUE>
      <VALUE>48</VALUE>
      <VALUE>0</VALUE>
      <VALUE>48</VALUE>
      <VALUE>0</VALUE>
      <VALUE>43</VALUE>
      <VALUE>0</VALUE>
      <VALUE>48</VALUE>
      <VALUE>0</VALUE>
      <VALUE>48</VALUE>
      <VALUE>0</VALUE>
      <VALUE>48</VALUE>
      <VALUE>0</VALUE>
      <VALUE>60</VALUE>
      <VALUE>0</VALUE>
      <VALUE>47</VALUE>
      <VALUE>0</VALUE>
      <VALUE>80</VALUE>
      <VALUE>0</VALUE>
      <VALUE>114</VALUE>
      <VALUE>0</VALUE>
      <VALUE>111</VALUE>
      <VALUE>0</VALUE>
      <VALUE>112</VALUE>
      <VALUE>0</VALUE>
      <VALUE>101</VALUE>
      <VALUE>0</VALUE>
      <VALUE>114</VALUE>
      <VALUE>0</VALUE>
      <VALUE>116</VALUE>
      <VALUE>0</VALUE>
      <VALUE>121</VALUE>
      <VALUE>0</VALUE>
      <VALUE>62</VALUE>
      <VALUE>0</VALUE>
      <VALUE>60</VALUE>
      <VALUE>0</VALUE>
      <VALUE>80</VALUE>
      <VALUE>0</VALUE>
      <VALUE>114</VALUE>
      <VALUE>0</VALUE>
      <VALUE>111</VALUE>
      <VALUE>0</VALUE>
      <VALUE>112</VALUE>
      <VALUE>0</VALUE>
      <VALUE>101</VALUE>
      <VALUE>0</VALUE>
      <VALUE>114</VALUE>
      <VALUE>0</VALUE>
      <VALUE>116</VALUE>
      <VALUE>0</VALUE>
      <VALUE>121</VALUE>
      <VALUE>0</VALUE>
      <VALUE>32</VALUE>
      <VALUE>0</VALUE>
      <VALUE>110</VALUE>
      <VALUE>0</VALUE>
      <VALUE>97</VALUE>
      <VALUE>0</VALUE>
      <VALUE>109</VALUE>
      <VALUE>0</VALUE>
      <VALUE>101</VALUE>
      <VALUE>0</VALUE>
      <VALUE>61</VALUE>
      <VALUE>0</VALUE>
      <VALUE>34</VALUE>
      <VALUE>0</VALUE>
      <VALUE>76</VALUE>
      <VALUE>0</VALUE>
      <VALUE>97</VALUE>
      <VALUE>0</VALUE>
      <VALUE>110</VALUE>
      <VALUE>0</VALUE>
      <VALUE>103</VALUE>
      <VALUE>0</VALUE>
      <VALUE>117</VALUE>
      <VALUE>0</VALUE>
      <VALUE>97</VALUE>
      <VALUE>0</VALUE>
      <VALUE>103</VALUE>
      <VALUE>0</VALUE>
      <VALUE>101</VALUE>
      <VALUE>0</VALUE>
      <VALUE>34</VALUE>
      <VALUE>0</VALUE>
      <VALUE>32</VALUE>
      <VALUE>0</VALUE>
      <VALUE>114</VALUE>
      <VALUE>0</VALUE>
      <VALUE>101</VALUE>
      <VALUE>0</VALUE>
      <VALUE>97</VALUE>
      <VALUE>0</VALUE>
      <VALUE>100</VALUE>
      <VALUE>0</VALUE>
      <VALUE>111</VALUE>
      <VALUE>0</VALUE>
      <VALUE>110</VALUE>
      <VALUE>0</VALUE>
      <VALUE>108</VALUE>
      <VALUE>0</VALUE>
      <VALUE>121</VALUE>
      <VALUE>0</VALUE>
      <VALUE>61</VALUE>
      <VALUE>0</VALUE>
      <VALUE>34</VALUE>
      <VALUE>0</VALUE>
      <VALUE>116</VALUE>
      <VALUE>0</VALUE>
      <VALUE>114</VALUE>
      <VALUE>0</VALUE>
      <VALUE>117</VALUE>
      <VALUE>0</VALUE>
      <VALUE>101</VALUE>
      <VALUE>0</VALUE>
      <VALUE>34</VALUE>
      <VALUE>0</VALUE>
      <VALUE>62</VALUE>
      <VALUE>0</VALUE>
      <VALUE>101</VALUE>
      <VALUE>0</VALUE>
      <VALUE>110</VALUE>
      <VALUE>0</VALUE>
      <VALUE>45</VALUE>
      <VALUE>0</VALUE>
      <VALUE>85</VALUE>
      <VALUE>0</VALUE>
      <VALUE>83</VALUE>
      <VALUE>0</VALUE>
      <VALUE>60</VALUE>
      <VALUE>0</VALUE>
      <VALUE>47</VALUE>
      <VALUE>0</VALUE>
      <VALUE>80</VALUE>
      <VALUE>0</VALUE>
      <VALUE>114</VALUE>
      <VALUE>0</VALUE>
      <VALUE>111</VALUE>
      <VALUE>0</VALUE>
      <VALUE>112</VALUE>
      <VALUE>0</VALUE>
      <VALUE>101</VALUE>
      <VALUE>0</VALUE>
      <VALUE>114</VALUE>
      <VALUE>0</VALUE>
      <VALUE>116</VALUE>
      <VALUE>0</VALUE>
      <VALUE>121</VALUE>
      <VALUE>0</VALUE>
      <VALUE>62</VALUE>
      <VALUE>0</VALUE>
      <VALUE>60</VALUE>
      <VALUE>0</VALUE>
      <VALUE>80</VALUE>
      <VALUE>0</VALUE>
      <VALUE>114</VALUE>
      <VALUE>0</VALUE>
      <VALUE>111</VALUE>
      <VALUE>0</VALUE>
      <VALUE>112</VALUE>
      <VALUE>0</VALUE>
      <VALUE>101</VALUE>
      <VALUE>0</VALUE>
      <VALUE>114</VALUE>
      <VALUE>0</VALUE>
      <VALUE>116</VALUE>
      <VALUE>0</VALUE>
      <VALUE>121</VALUE>
      <VALUE>0</VALUE>
      <VALUE>32</VALUE>
      <VALUE>0</VALUE>
      <VALUE>110</VALUE>
      <VALUE>0</VALUE>
      <VALUE>97</VALUE>
      <VALUE>0</VALUE>
      <VALUE>109</VALUE>
      <VALUE>0</VALUE>
      <VALUE>101</VALUE>
      <VALUE>0</VALUE>
      <VALUE>61</VALUE>
      <VALUE>0</VALUE>
      <VALUE>34</VALUE>
      <VALUE>0</VALUE>
      <VALUE>72</VALUE>
      <VALUE>0</VALUE>
      <VALUE>65</VALUE>
      <VALUE>0</VALUE>
      <VALUE>76</VALUE>
      <VALUE>0</VALUE>
      <VALUE>34</VALUE>
      <VALUE>0</VALUE>
      <VALUE>32</VALUE>
      <VALUE>0</VALUE>
      <VALUE>114</VALUE>
      <VALUE>0</VALUE>
      <VALUE>101</VALUE>
      <VALUE>0</VALUE>
      <VALUE>97</VALUE>
      <VALUE>0</VALUE>
      <VALUE>100</VALUE>
      <VALUE>0</VALUE>
      <VALUE>111</VALUE>
      <VALUE>0</VALUE>
      <VALUE>110</VALUE>
      <VALUE>0</VALUE>
      <VALUE>108</VALUE>
      <VALUE>0</VALUE>
      <VALUE>121</VALUE>
      <VALUE>0</VALUE>
      <VALUE>61</VALUE>
      <VALUE>0</VALUE>
      <VALUE>34</VALUE>
      <VALUE>0</VALUE>
      <VALUE>116</VALUE>
      <VALUE>0</VALUE>
      <VALUE>114</VALUE>
      <VALUE>0</VALUE>
      <VALUE>117</VALUE>
      <VALUE>0</VALUE>
      <VALUE>101</VALUE>
      <VALUE>0</VALUE>
      <VALUE>34</VALUE>
      <VALUE>0</VALUE>
      <VALUE>62</VALUE>
      <VALUE>0</VALUE>
      <VALUE>60</VALUE>
      <VALUE>0</VALUE>
      <VALUE>47</VALUE>
      <VALUE>0</VALUE>
      <VALUE>80</VALUE>
      <VALUE>0</VALUE>
      <VALUE>114</VALUE>
      <VALUE>0</VALUE>
      <VALUE>111</VALUE>
      <VALUE>0</VALUE>
      <VALUE>112</VALUE>
      <VALUE>0</VALUE>
      <VALUE>101</VALUE>
      <VALUE>0</VALUE>
      <VALUE>114</VALUE>
      <VALUE>0</VALUE>
      <VALUE>116</VALUE>
      <VALUE>0</VALUE>
      <VALUE>121</VALUE>
      <VALUE>0</VALUE>
      <VALUE>62</VALUE>
      <VALUE>0</VALUE>
      <VALUE>60</VALUE>
      <VALUE>0</VALUE>
      <VALUE>80</VALUE>
      <VALUE>0</VALUE>
      <VALUE>114</VALUE>
      <VALUE>0</VALUE>
      <VALUE>111</VALUE>
      <VALUE>0</VALUE>
      <VALUE>112</VALUE>
      <VALUE>0</VALUE>
      <VALUE>101</VALUE>
      <VALUE>0</VALUE>
      <VALUE>114</VALUE>
      <VALUE>0</VALUE>
      <VALUE>116</VALUE>
      <VALUE>0</VALUE>
      <VALUE>121</VALUE>
      <VALUE>0</VALUE>
      <VALUE>32</VALUE>
      <VALUE>0</VALUE>
      <VALUE>110</VALUE>
      <VALUE>0</VALUE>
      <VALUE>97</VALUE>
      <VALUE>0</VALUE>
      <VALUE>109</VALUE>
      <VALUE>0</VALUE>
      <VALUE>101</VALUE>
      <VALUE>0</VALUE>
      <VALUE>61</VALUE>
      <VALUE>0</VALUE>
      <VALUE>34</VALUE>
      <VALUE>0</VALUE>
      <VALUE>80</VALUE>
      <VALUE>0</VALUE>
      <VALUE>114</VALUE>
      <VALUE>0</VALUE>
      <VALUE>111</VALUE>
      <VALUE>0</VALUE>
      <VALUE>100</VALUE>
      <VALUE>0</VALUE>
      <VALUE>117</VALUE>
      <VALUE>0</VALUE>
      <VALUE>99</VALUE>
      <VALUE>0</VALUE>
      <VALUE>116</VALUE>
      <VALUE>0</VALUE>
      <VALUE>84</VALUE>
      <VALUE>0</VALUE>
      <VALUE>121</VALUE>
      <VALUE>0</VALUE>
      <VALUE>112</VALUE>
      <VALUE>0</VALUE>
      <VALUE>101</VALUE>
      <VALUE>0</VALUE>
      <VALUE>34</VALUE>
      <VALUE>0</VALUE>
      <VALUE>32</VALUE>
      <VALUE>0</VALUE>
      <VALUE>114</VALUE>
      <VALUE>0</VALUE>
      <VALUE>101</VALUE>
      <VALUE>0</VALUE>
      <VALUE>97</VALUE>
      <VALUE>0</VALUE>
      <VALUE>100</VALUE>
      <VALUE>0</VALUE>
      <VALUE>111</VALUE>
      <VALUE>0</VALUE>
      <VALUE>110</VALUE>
      <VALUE>0</VALUE>
      <VALUE>108</VALUE>
      <VALUE>0</VALUE>
      <VALUE>121</VALUE>
      <VALUE>0</VALUE>
      <VALUE>61</VALUE>
      <VALUE>0</VALUE>
      <VALUE>34</VALUE>
      <VALUE>0</VALUE>
      <VALUE>116</VALUE>
      <VALUE>0</VALUE>
      <VALUE>114</VALUE>
      <VALUE>0</VALUE>
      <VALUE>117</VALUE>
      <VALUE>0</VALUE>
      <VALUE>101</VALUE>
      <VALUE>0</VALUE>
      <VALUE>34</VALUE>
      <VALUE>0</VALUE>
      <VALUE>62</VALUE>
      <VALUE>0</VALUE>
      <VALUE>87</VALUE>
      <VALUE>0</VALUE>
      <VALUE>105</VALUE>
      <VALUE>0</VALUE>
      <VALUE>110</VALUE>
      <VALUE>0</VALUE>
      <VALUE>78</VALUE>
      <VALUE>0</VALUE>
      <VALUE>84</VALUE>
      <VALUE>0</VALUE>
      <VALUE>60</VALUE>
      <VALUE>0</VALUE>
      <VALUE>47</VALUE>
      <VALUE>0</VALUE>
      <VALUE>80</VALUE>
      <VALUE>0</VALUE>
      <VALUE>114</VALUE>
      <VALUE>0</VALUE>
      <VALUE>111</VALUE>
      <VALUE>0</VALUE>
      <VALUE>112</VALUE>
      <VALUE>0</VALUE>
      <VALUE>101</VALUE>
      <VALUE>0</VALUE>
      <VALUE>114</VALUE>
      <VALUE>0</VALUE>
      <VALUE>116</VALUE>
      <VALUE>0</VALUE>
      <VALUE>121</VALUE>
      <VALUE>0</VALUE>
      <VALUE>62</VALUE>
      <VALUE>0</VALUE>
      <VALUE>60</VALUE>
      <VALUE>0</VALUE>
      <VALUE>80</VALUE>
      <VALUE>0</VALUE>
      <VALUE>114</VALUE>
      <VALUE>0</VALUE>
      <VALUE>111</VALUE>
      <VALUE>0</VALUE>
      <VALUE>112</VALUE>
      <VALUE>0</VALUE>
      <VALUE>101</VALUE>
      <VALUE>0</VALUE>
      <VALUE>114</VALUE>
      <VALUE>0</VALUE>
      <VALUE>116</VALUE>
      <VALUE>0</VALUE>
      <VALUE>121</VALUE>
      <VALUE>0</VALUE>
      <VALUE>32</VALUE>
      <VALUE>0</VALUE>
      <VALUE>110</VALUE>
      <VALUE>0</VALUE>
      <VALUE>97</VALUE>
      <VALUE>0</VALUE>
      <VALUE>109</VALUE>
      <VALUE>0</VALUE>
      <VALUE>101</VALUE>
      <VALUE>0</VALUE>
      <VALUE>61</VALUE>
      <VALUE>0</VALUE>
      <VALUE>34</VALUE>
      <VALUE>0</VALUE>
      <VALUE>83</VALUE>
      <VALUE>0</VALUE>
      <VALUE>105</VALUE>
      <VALUE>0</VALUE>
      <VALUE>122</VALUE>
      <VALUE>0</VALUE>
      <VALUE>101</VALUE>
      <VALUE>0</VALUE>
      <VALUE>34</VALUE>
      <VALUE>0</VALUE>
      <VALUE>32</VALUE>
      <VALUE>0</VALUE>
      <VALUE>114</VALUE>
      <VALUE>0</VALUE>
      <VALUE>101</VALUE>
      <VALUE>0</VALUE>
      <VALUE>97</VALUE>
      <VALUE>0</VALUE>
      <VALUE>100</VALUE>
      <VALUE>0</VALUE>
      <VALUE>111</VALUE>
      <VALUE>0</VALUE>
      <VALUE>110</VALUE>
      <VALUE>0</VALUE>
      <VALUE>108</VALUE>
      <VALUE>0</VALUE>
      <VALUE>121</VALUE>
      <VALUE>0</VALUE>
      <VALUE>61</VALUE>
      <VALUE>0</VALUE>
      <VALUE>34</VALUE>
      <VALUE>0</VALUE>
      <VALUE>116</VALUE>
      <VALUE>0</VALUE>
      <VALUE>114</VALUE>
      <VALUE>0</VALUE>
      <VALUE>117</VALUE>
      <VALUE>0</VALUE>
      <VALUE>101</VALUE>
      <VALUE>0</VALUE>
      <VALUE>34</VALUE>
      <VALUE>0</VALUE>
      <VALUE>62</VALUE>
      <VALUE>0</VALUE>
      <VALUE>49</VALUE>
      <VALUE>0</VALUE>
      <VALUE>54</VALUE>
      <VALUE>0</VALUE>
      <VALUE>49</VALUE>
      <VALUE>0</VALUE>
      <VALUE>49</VALUE>
      <VALUE>0</VALUE>
      <VALUE>50</VALUE>
      <VALUE>0</VALUE>
      <VALUE>54</VALUE>
      <VALUE>0</VALUE>
      <VALUE>52</VALUE>
      <VALUE>0</VALUE>
      <VALUE>54</VALUE>
      <VALUE>0</VALUE>
      <VALUE>48</VALUE>
      <VALUE>0</VALUE>
      <VALUE>50</VALUE>
      <VALUE>0</VALUE>
      <VALUE>60</VALUE>
      <VALUE>0</VALUE>
      <VALUE>47</VALUE>
      <VALUE>0</VALUE>
      <VALUE>80</VALUE>
      <VALUE>0</VALUE>
      <VALUE>114</VALUE>
      <VALUE>0</VALUE>
      <VALUE>111</VALUE>
      <VALUE>0</VALUE>
      <VALUE>112</VALUE>
      <VALUE>0</VALUE>
      <VALUE>101</VALUE>
      <VALUE>0</VALUE>
      <VALUE>114</VALUE>
      <VALUE>0</VALUE>
      <VALUE>116</VALUE>
      <VALUE>0</VALUE>
      <VALUE>121</VALUE>
      <VALUE>0</VALUE>
      <VALUE>62</VALUE>
      <VALUE>0</VALUE>
      <VALUE>60</VALUE>
      <VALUE>0</VALUE>
      <VALUE>80</VALUE>
      <VALUE>0</VALUE>
      <VALUE>114</VALUE>
      <VALUE>0</VALUE>
      <VALUE>111</VALUE>
      <VALUE>0</VALUE>
      <VALUE>112</VALUE>
      <VALUE>0</VALUE>
      <VALUE>101</VALUE>
      <VALUE>0</VALUE>
      <VALUE>114</VALUE>
      <VALUE>0</VALUE>
      <VALUE>116</VALUE>
      <VALUE>0</VALUE>
      <VALUE>121</VALUE>
      <VALUE>0</VALUE>
      <VALUE>32</VALUE>
      <VALUE>0</VALUE>
      <VALUE>110</VALUE>
      <VALUE>0</VALUE>
      <VALUE>97</VALUE>
      <VALUE>0</VALUE>
      <VALUE>109</VALUE>
      <VALUE>0</VALUE>
      <VALUE>101</VALUE>
      <VALUE>0</VALUE>
      <VALUE>61</VALUE>
      <VALUE>0</VALUE>
      <VALUE>34</VALUE>
      <VALUE>0</VALUE>
      <VALUE>73</VALUE>
      <VALUE>0</VALUE>
      <VALUE>109</VALUE>
      <VALUE>0</VALUE>
      <VALUE>97</VALUE>
      <VALUE>0</VALUE>
      <VALUE>103</VALUE>
      <VALUE>0</VALUE>
      <VALUE>101</VALUE>
      <VALUE>0</VALUE>
      <VALUE>32</VALUE>
      <VALUE>0</VALUE>
      <VALUE>100</VALUE>
      <VALUE>0</VALUE>
      <VALUE>101</VALUE>
      <VALUE>0</VALUE>
      <VALUE>115</VALUE>
      <VALUE>0</VALUE>
      <VALUE>99</VALUE>
      <VALUE>0</VALUE>
      <VALUE>114</VALUE>
      <VALUE>0</VALUE>
      <VALUE>105</VALUE>
      <VALUE>0</VALUE>
      <VALUE>112</VALUE>
      <VALUE>0</VALUE>
      <VALUE>116</VALUE>
      <VALUE>0</VALUE>
      <VALUE>105</VALUE>
      <VALUE>0</VALUE>
      <VALUE>111</VALUE>
      <VALUE>0</VALUE>
      <VALUE>110</VALUE>
      <VALUE>0</VALUE>
      <VALUE>34</VALUE>
      <VALUE>0</VALUE>
      <VALUE>32</VALUE>
      <VALUE>0</VALUE>
      <VALUE>114</VALUE>
      <VALUE>0</VALUE>
      <VALUE>101</VALUE>
      <VALUE>0</VALUE>
      <VALUE>97</VALUE>
      <VALUE>0</VALUE>
      <VALUE>100</VALUE>
      <VALUE>0</VALUE>
      <VALUE>111</VALUE>
      <VALUE>0</VALUE>
      <VALUE>110</VALUE>
      <VALUE>0</VALUE>
      <VALUE>108</VALUE>
      <VALUE>0</VALUE>
      <VALUE>121</VALUE>
      <VALUE>0</VALUE>
      <VALUE>61</VALUE>
      <VALUE>0</VALUE>
      <VALUE>34</VALUE>
      <VALUE>0</VALUE>
      <VALUE>102</VALUE>
      <VALUE>0</VALUE>
      <VALUE>97</VALUE>
      <VALUE>0</VALUE>
      <VALUE>108</VALUE>
      <VALUE>0</VALUE>
      <VALUE>115</VALUE>
      <VALUE>0</VALUE>
      <VALUE>101</VALUE>
      <VALUE>0</VALUE>
      <VALUE>34</VALUE>
      <VALUE>0</VALUE>
      <VALUE>62</VALUE>
      <VALUE>0</VALUE>
      <VALUE>77</VALUE>
      <VALUE>0</VALUE>
      <VALUE>105</VALUE>
      <VALUE>0</VALUE>
      <VALUE>99</VALUE>
      <VALUE>0</VALUE>
      <VALUE>114</VALUE>
      <VALUE>0</VALUE>
      <VALUE>111</VALUE>
      <VALUE>0</VALUE>
      <VALUE>115</VALUE>
      <VALUE>0</VALUE>
      <VALUE>111</VALUE>
      <VALUE>0</VALUE>
      <VALUE>102</VALUE>
      <VALUE>0</VALUE>
      <VALUE>116</VALUE>
      <VALUE>0</VALUE>
      <VALUE>32</VALUE>
      <VALUE>0</VALUE>
      <VALUE>87</VALUE>
      <VALUE>0</VALUE>
      <VALUE>105</VALUE>
      <VALUE>0</VALUE>
      <VALUE>110</VALUE>
      <VALUE>0</VALUE>
      <VALUE>100</VALUE>
      <VALUE>0</VALUE>
      <VALUE>111</VALUE>
      <VALUE>0</VALUE>
      <VALUE>119</VALUE>
      <VALUE>0</VALUE>
      <VALUE>115</VALUE>
      <VALUE>0</VALUE>
      <VALUE>32</VALUE>
      <VALUE>0</VALUE>
      <VALUE>80</VALUE>
      <VALUE>0</VALUE>
      <VALUE>69</VALUE>
      <VALUE>0</VALUE>
      <VALUE>32</VALUE>
      <VALUE>0</VALUE>
      <VALUE>40</VALUE>
      <VALUE>0</VALUE>
      <VALUE>120</VALUE>
      <VALUE>0</VALUE>
      <VALUE>54</VALUE>
      <VALUE>0</VALUE>
      <VALUE>52</VALUE>
      <VALUE>0</VALUE>
      <VALUE>41</VALUE>
      <VALUE>0</VALUE>
      <VALUE>60</VALUE>
      <VALUE>0</VALUE>
      <VALUE>47</VALUE>
      <VALUE>0</VALUE>
      <VALUE>80</VALUE>
      <VALUE>0</VALUE>
      <VALUE>114</VALUE>
      <VALUE>0</VALUE>
      <VALUE>111</VALUE>
      <VALUE>0</VALUE>
      <VALUE>112</VALUE>
      <VALUE>0</VALUE>
      <VALUE>101</VALUE>
      <VALUE>0</VALUE>
      <VALUE>114</VALUE>
      <VALUE>0</VALUE>
      <VALUE>116</VALUE>
      <VALUE>0</VALUE>
      <VALUE>121</VALUE>
      <VALUE>0</VALUE>
      <VALUE>62</VALUE>
      <VALUE>0</VALUE>
      <VALUE>60</VALUE>
      <VALUE>0</VALUE>
      <VALUE>80</VALUE>
      <VALUE>0</VALUE>
      <VALUE>114</VALUE>
      <VALUE>0</VALUE>
      <VALUE>111</VALUE>
      <VALUE>0</VALUE>
      <VALUE>112</VALUE>
      <VALUE>0</VALUE>
      <VALUE>101</VALUE>
      <VALUE>0</VALUE>
      <VALUE>114</VALUE>
      <VALUE>0</VALUE>
      <VALUE>116</VALUE>
      <VALUE>0</VALUE>
      <VALUE>121</VALUE>
      <VALUE>0</VALUE>
      <VALUE>32</VALUE>
      <VALUE>0</VALUE>
      <VALUE>110</VALUE>
      <VALUE>0</VALUE>
      <VALUE>97</VALUE>
      <VALUE>0</VALUE>
      <VALUE>109</VALUE>
      <VALUE>0</VALUE>
      <VALUE>101</VALUE>
      <VALUE>0</VALUE>
      <VALUE>61</VALUE>
      <VALUE>0</VALUE>
      <VALUE>34</VALUE>
      <VALUE>0</VALUE>
      <VALUE>67</VALUE>
      <VALUE>0</VALUE>
      <VALUE>114</VALUE>
      <VALUE>0</VALUE>
      <VALUE>101</VALUE>
      <VALUE>0</VALUE>
      <VALUE>97</VALUE>
      <VALUE>0</VALUE>
      <VALUE>116</VALUE>
      <VALUE>0</VALUE>
      <VALUE>101</VALUE>
      <VALUE>0</VALUE>
      <VALUE>100</VALUE>
      <VALUE>0</VALUE>
      <VALUE>32</VALUE>
      <VALUE>0</VALUE>
      <VALUE>98</VALUE>
      <VALUE>0</VALUE>
      <VALUE>121</VALUE>
      <VALUE>0</VALUE>
      <VALUE>34</VALUE>
      <VALUE>0</VALUE>
      <VALUE>32</VALUE>
      <VALUE>0</VALUE>
      <VALUE>114</VALUE>
      <VALUE>0</VALUE>
      <VALUE>101</VALUE>
      <VALUE>0</VALUE>
      <VALUE>97</VALUE>
      <VALUE>0</VALUE>
      <VALUE>100</VALUE>
      <VALUE>0</VALUE>
      <VALUE>111</VALUE>
      <VALUE>0</VALUE>
      <VALUE>110</VALUE>
      <VALUE>0</VALUE>
      <VALUE>108</VALUE>
      <VALUE>0</VALUE>
      <VALUE>121</VALUE>
      <VALUE>0</VALUE>
      <VALUE>61</VALUE>
      <VALUE>0</VALUE>
      <VALUE>34</VALUE>
      <VALUE>0</VALUE>
      <VALUE>102</VALUE>
      <VALUE>0</VALUE>
      <VALUE>97</VALUE>
      <VALUE>0</VALUE>
      <VALUE>108</VALUE>
      <VALUE>0</VALUE>
      <VALUE>115</VALUE>
      <VALUE>0</VALUE>
      <VALUE>101</VALUE>
      <VALUE>0</VALUE>
      <VALUE>34</VALUE>
      <VALUE>0</VALUE>
      <VALUE>62</VALUE>
      <VALUE>0</VALUE>
      <VALUE>60</VALUE>
      <VALUE>0</VALUE>
      <VALUE>47</VALUE>
      <VALUE>0</VALUE>
      <VALUE>80</VALUE>
      <VALUE>0</VALUE>
      <VALUE>114</VALUE>
      <VALUE>0</VALUE>
      <VALUE>111</VALUE>
      <VALUE>0</VALUE>
      <VALUE>112</VALUE>
      <VALUE>0</VALUE>
      <VALUE>101</VALUE>
      <VALUE>0</VALUE>
      <VALUE>114</VALUE>
      <VALUE>0</VALUE>
      <VALUE>116</VALUE>
      <VALUE>0</VALUE>
      <VALUE>121</VALUE>
      <VALUE>0</VALUE>
      <VALUE>62</VALUE>
      <VALUE>0</VALUE>
      <VALUE>60</VALUE>
      <VALUE>0</VALUE>
      <VALUE>80</VALUE>
      <VALUE>0</VALUE>
      <VALUE>114</VALUE>
      <VALUE>0</VALUE>
      <VALUE>111</VALUE>
      <VALUE>0</VALUE>
      <VALUE>112</VALUE>
      <VALUE>0</VALUE>
      <VALUE>101</VALUE>
      <VALUE>0</VALUE>
      <VALUE>114</VALUE>
      <VALUE>0</VALUE>
      <VALUE>116</VALUE>
      <VALUE>0</VALUE>
      <VALUE>121</VALUE>
      <VALUE>0</VALUE>
      <VALUE>32</VALUE>
      <VALUE>0</VALUE>
      <VALUE>110</VALUE>
      <VALUE>0</VALUE>
      <VALUE>97</VALUE>
      <VALUE>0</VALUE>
      <VALUE>109</VALUE>
      <VALUE>0</VALUE>
      <VALUE>101</VALUE>
      <VALUE>0</VALUE>
      <VALUE>61</VALUE>
      <VALUE>0</VALUE>
      <VALUE>34</VALUE>
      <VALUE>0</VALUE>
      <VALUE>73</VALUE>
      <VALUE>0</VALUE>
      <VALUE>109</VALUE>
      <VALUE>0</VALUE>
      <VALUE>97</VALUE>
      <VALUE>0</VALUE>
      <VALUE>103</VALUE>
      <VALUE>0</VALUE>
      <VALUE>101</VALUE>
      <VALUE>0</VALUE>
      <VALUE>32</VALUE>
      <VALUE>0</VALUE>
      <VALUE>118</VALUE>
      <VALUE>0</VALUE>
      <VALUE>101</VALUE>
      <VALUE>0</VALUE>
      <VALUE>114</VALUE>
      <VALUE>0</VALUE>
      <VALUE>115</VALUE>
      <VALUE>0</VALUE>
      <VALUE>105</VALUE>
      <VALUE>0</VALUE>
      <VALUE>111</VALUE>
      <VALUE>0</VALUE>
      <VALUE>110</VALUE>
      <VALUE>0</VALUE>
      <VALUE>34</VALUE>
      <VALUE>0</VALUE>
      <VALUE>32</VALUE>
      <VALUE>0</VALUE>
      <VALUE>114</VALUE>
      <VALUE>0</VALUE>
      <VALUE>101</VALUE>
      <VALUE>0</VALUE>
      <VALUE>97</VALUE>
      <VALUE>0</VALUE>
      <VALUE>100</VALUE>
      <VALUE>0</VALUE>
      <VALUE>111</VALUE>
      <VALUE>0</VALUE>
      <VALUE>110</VALUE>
      <VALUE>0</VALUE>
      <VALUE>108</VALUE>
      <VALUE>0</VALUE>
      <VALUE>121</VALUE>
      <VALUE>0</VALUE>
      <VALUE>61</VALUE>
      <VALUE>0</VALUE>
      <VALUE>34</VALUE>
      <VALUE>0</VALUE>
      <VALUE>102</VALUE>
      <VALUE>0</VALUE>
      <VALUE>97</VALUE>
      <VALUE>0</VALUE>
      <VALUE>108</VALUE>
      <VALUE>0</VALUE>
      <VALUE>115</VALUE>
      <VALUE>0</VALUE>
      <VALUE>101</VALUE>
      <VALUE>0</VALUE>
      <VALUE>34</VALUE>
      <VALUE>0</VALUE>
      <VALUE>62</VALUE>
      <VALUE>0</VALUE>
      <VALUE>60</VALUE>
      <VALUE>0</VALUE>
      <VALUE>47</VALUE>
      <VALUE>0</VALUE>
      <VALUE>80</VALUE>
      <VALUE>0</VALUE>
      <VALUE>114</VALUE>
      <VALUE>0</VALUE>
      <VALUE>111</VALUE>
      <VALUE>0</VALUE>
      <VALUE>112</VALUE>
      <VALUE>0</VALUE>
      <VALUE>101</VALUE>
      <VALUE>0</VALUE>
      <VALUE>114</VALUE>
      <VALUE>0</VALUE>
      <VALUE>116</VALUE>
      <VALUE>0</VALUE>
      <VALUE>121</VALUE>
      <VALUE>0</VALUE>
      <VALUE>62</VALUE>
      <VALUE>0</VALUE>
      <VALUE>60</VALUE>
      <VALUE>0</VALUE>
      <VALUE>47</VALUE>
      <VALUE>0</VALUE>
      <VALUE>73</VALUE>
      <VALUE>0</VALUE>
      <VALUE>77</VALUE>
      <VALUE>0</VALUE>
      <VALUE>65</VALUE>
      <VALUE>0</VALUE>
      <VALUE>71</VALUE>
      <VALUE>0</VALUE>
      <VALUE>69</VALUE>
      <VALUE>0</VALUE>
      <VALUE>62</VALUE>
      <VALUE>0</VALUE>
      <VALUE>60</VALUE>
      <VALUE>0</VALUE>
      <VALUE>47</VALUE>
      <VALUE>0</VALUE>
      <VALUE>87</VALUE>
      <VALUE>0</VALUE>
      <VALUE>73</VALUE>
      <VALUE>0</VALUE>
      <VALUE>77</VALUE>
      <VALUE>0</VALUE>
      <VALUE>62</VALUE>
      <VALUE>0</VALUE>
      <VALUE>13</VALUE>
      <VALUE>0</VALUE>
      <VALUE>10</VALUE>
      <VALUE>0</VALUE>
      <VALUE>0</VALUE>
      <VALUE>238</VALUE>
      <VALUE>0</VALUE>
      <VALUE>0</VALUE>
      <VALUE>0</VALUE>
      <VALUE>85</VALUE>
      <VALUE>0</VALUE>
      <VALUE>0</VALUE>
      <VALUE>36</VALUE>
      <VALUE>0</VALUE>
      <VALUE>0</VALUE>
      <VALUE>0</VALUE>
      <VALUE>80</VALUE>
      <VALUE>0</VALUE>
      <VALUE>114</VALUE>
      <VALUE>0</VALUE>
      <VALUE>101</VALUE>
      <VALUE>0</VALUE>
      <VALUE>69</VALUE>
      <VALUE>0</VALUE>
      <VALUE>120</VALUE>
      <VALUE>0</VALUE>
      <VALUE>101</VALUE>
      <VALUE>0</VALUE>
      <VALUE>99</VALUE>
      <VALUE>0</VALUE>
      <VALUE>67</VALUE>
      <VALUE>0</VALUE>
      <VALUE>111</VALUE>
      <VALUE>0</VALUE>
      <VALUE>109</VALUE>
      <VALUE>0</VALUE>
      <VALUE>109</VALUE>
      <VALUE>0</VALUE>
      <VALUE>97</VALUE>
      <VALUE>0</VALUE>
      <VALUE>110</VALUE>
      <VALUE>0</VALUE>
      <VALUE>100</VALUE>
      <VALUE>0</VALUE>
      <VALUE>76</VALUE>
      <VALUE>0</VALUE>
      <VALUE>105</VALUE>
      <VALUE>0</VALUE>
      <VALUE>110</VALUE>
      <VALUE>0</VALUE>
      <VALUE>101</VALUE>
      <VALUE>0</VALUE>
      <VALUE>0</VALUE>
      <VALUE>0</VALUE>
      <VALUE>0</VALUE>
      <VALUE>0</VALUE>
      <VALUE>0</VALUE>
      <VALUE>238</VALUE>
      <VALUE>0</VALUE>
      <VALUE>0</VALUE>
      <VALUE>0</VALUE>
      <VALUE>85</VALUE>
      <VALUE>0</VALUE>
      <VALUE>0</VALUE>
      <VALUE>44</VALUE>
      <VALUE>0</VALUE>
      <VALUE>0</VALUE>
      <VALUE>0</VALUE>
      <VALUE>80</VALUE>
      <VALUE>0</VALUE>
      <VALUE>114</VALUE>
      <VALUE>0</VALUE>
      <VALUE>101</VALUE>
      <VALUE>0</VALUE>
      <VALUE>69</VALUE>
      <VALUE>0</VALUE>
      <VALUE>120</VALUE>
      <VALUE>0</VALUE>
      <VALUE>101</VALUE>
      <VALUE>0</VALUE>
      <VALUE>99</VALUE>
      <VALUE>0</VALUE>
      <VALUE>83</VALUE>
      <VALUE>0</VALUE>
      <VALUE>111</VALUE>
      <VALUE>0</VALUE>
      <VALUE>117</VALUE>
      <VALUE>0</VALUE>
      <VALUE>114</VALUE>
      <VALUE>0</VALUE>
      <VALUE>99</VALUE>
      <VALUE>0</VALUE>
      <VALUE>101</VALUE>
      <VALUE>0</VALUE>
      <VALUE>68</VALUE>
      <VALUE>0</VALUE>
      <VALUE>105</VALUE>
      <VALUE>0</VALUE>
      <VALUE>114</VALUE>
      <VALUE>0</VALUE>
      <VALUE>101</VALUE>
      <VALUE>0</VALUE>
      <VALUE>99</VALUE>
      <VALUE>0</VALUE>
      <VALUE>116</VALUE>
      <VALUE>0</VALUE>
      <VALUE>111</VALUE>
      <VALUE>0</VALUE>
      <VALUE>114</VALUE>
      <VALUE>0</VALUE>
      <VALUE>121</VALUE>
      <VALUE>0</VALUE>
      <VALUE>0</VALUE>
      <VALUE>0</VALUE>
      <VALUE>0</VALUE>
      <VALUE>0</VALUE>
      <VALUE>0</VALUE>
      <VALUE>238</VALUE>
      <VALUE>0</VALUE>
      <VALUE>0</VALUE>
      <VALUE>0</VALUE>
      <VALUE>85</VALUE>
      <VALUE>0</VALUE>
      <VALUE>0</VALUE>
      <VALUE>46</VALUE>
      <VALUE>0</VALUE>
      <VALUE>0</VALUE>
      <VALUE>0</VALUE>
      <VALUE>80</VALUE>
      <VALUE>0</VALUE>
      <VALUE>114</VALUE>
      <VALUE>0</VALUE>
      <VALUE>111</VALUE>
      <VALUE>0</VALUE>
      <VALUE>100</VALUE>
      <VALUE>0</VALUE>
      <VALUE>117</VALUE>
      <VALUE>0</VALUE>
      <VALUE>99</VALUE>
      <VALUE>0</VALUE>
      <VALUE>116</VALUE>
      <VALUE>0</VALUE>
      <VALUE>105</VALUE>
      <VALUE>0</VALUE>
      <VALUE>111</VALUE>
      <VALUE>0</VALUE>
      <VALUE>110</VALUE>
      <VALUE>0</VALUE>
      <VALUE>67</VALUE>
      <VALUE>0</VALUE>
      <VALUE>108</VALUE>
      <VALUE>0</VALUE>
      <VALUE>105</VALUE>
      <VALUE>0</VALUE>
      <VALUE>101</VALUE>
      <VALUE>0</VALUE>
      <VALUE>110</VALUE>
      <VALUE>0</VALUE>
      <VALUE>116</VALUE>
      <VALUE>0</VALUE>
      <VALUE>86</VALUE>
      <VALUE>0</VALUE>
      <VALUE>101</VALUE>
      <VALUE>0</VALUE>
      <VALUE>114</VALUE>
      <VALUE>0</VALUE>
      <VALUE>115</VALUE>
      <VALUE>0</VALUE>
      <VALUE>105</VALUE>
      <VALUE>0</VALUE>
      <VALUE>111</VALUE>
      <VALUE>0</VALUE>
      <VALUE>110</VALUE>
      <VALUE>0</VALUE>
      <VALUE>28</VALUE>
      <VALUE>0</VALUE>
      <VALUE>0</VALUE>
      <VALUE>0</VALUE>
      <VALUE>53</VALUE>
      <VALUE>0</VALUE>
      <VALUE>46</VALUE>
      <VALUE>0</VALUE>
      <VALUE>48</VALUE>
      <VALUE>0</VALUE>
      <VALUE>48</VALUE>
      <VALUE>0</VALUE>
      <VALUE>46</VALUE>
      <VALUE>0</VALUE>
      <VALUE>56</VALUE>
      <VALUE>0</VALUE>
      <VALUE>55</VALUE>
      <VALUE>0</VALUE>
      <VALUE>57</VALUE>
      <VALUE>0</VALUE>
      <VALUE>48</VALUE>
      <VALUE>0</VALUE>
      <VALUE>46</VALUE>
      <VALUE>0</VALUE>
      <VALUE>49</VALUE>
      <VALUE>0</VALUE>
      <VALUE>48</VALUE>
      <VALUE>0</VALUE>
      <VALUE>48</VALUE>
      <VALUE>0</VALUE>
      <VALUE>55</VALUE>
      <VALUE>0</VALUE>
      <VALUE>0</VALUE>
      <VALUE>238</VALUE>
      <VALUE>0</VALUE>
      <VALUE>0</VALUE>
      <VALUE>0</VALUE>
      <VALUE>85</VALUE>
      <VALUE>0</VALUE>
      <VALUE>0</VALUE>
      <VALUE>24</VALUE>
      <VALUE>0</VALUE>
      <VALUE>0</VALUE>
      <VALUE>0</VALUE>
      <VALUE>83</VALUE>
      <VALUE>0</VALUE>
      <VALUE>99</VALUE>
      <VALUE>0</VALUE>
      <VALUE>114</VALUE>
      <VALUE>0</VALUE>
      <VALUE>97</VALUE>
      <VALUE>0</VALUE>
      <VALUE>116</VALUE>
      <VALUE>0</VALUE>
      <VALUE>99</VALUE>
      <VALUE>0</VALUE>
      <VALUE>104</VALUE>
      <VALUE>0</VALUE>
      <VALUE>83</VALUE>
      <VALUE>0</VALUE>
      <VALUE>112</VALUE>
      <VALUE>0</VALUE>
      <VALUE>97</VALUE>
      <VALUE>0</VALUE>
      <VALUE>99</VALUE>
      <VALUE>0</VALUE>
      <VALUE>101</VALUE>
      <VALUE>0</VALUE>
      <VALUE>4</VALUE>
      <VALUE>0</VALUE>
      <VALUE>0</VALUE>
      <VALUE>0</VALUE>
      <VALUE>51</VALUE>
      <VALUE>0</VALUE>
      <VALUE>50</VALUE>
      <VALUE>0</VALUE>
      <VALUE>0</VALUE>
      <VALUE>238</VALUE>
      <VALUE>0</VALUE>
      <VALUE>0</VALUE>
    </VALUE.ARRAY>
  </PROPERTY.ARRAY>
  <PROPERTY NAME="ExtendedDataSize" CLASSORIGIN="SMS_PackageBaseclass" TYPE="uint32">
    <QUALIFIER NAME="CIMTYPE" PROPAGATED="true" TYPE="string" TOINSTANCE="true">
      <VALUE>uint32</VALUE>
    </QUALIFIER>
    <VALUE>1854</VALUE>
  </PROPERTY>
  <PROPERTY NAME="ForcedDisconnectDelay" CLASSORIGIN="SMS_PackageBaseclass" TYPE="uint32">
    <QUALIFIER NAME="CIMTYPE" PROPAGATED="true" TYPE="string" TOINSTANCE="true">
      <VALUE>uint32</VALUE>
    </QUALIFIER>
    <VALUE>5</VALUE>
  </PROPERTY>
  <PROPERTY NAME="ForcedDisconnectEnabled" CLASSORIGIN="SMS_PackageBaseclass" TYPE="boolean">
    <QUALIFIER NAME="CIMTYPE" PROPAGATED="true" TYPE="string" TOINSTANCE="true">
      <VALUE>boolean</VALUE>
    </QUALIFIER>
    <VALUE>FALSE</VALUE>
  </PROPERTY>
  <PROPERTY NAME="ForcedDisconnectNumRetries" CLASSORIGIN="SMS_PackageBaseclass" TYPE="uint32">
    <QUALIFIER NAME="CIMTYPE" PROPAGATED="true" TYPE="string" TOINSTANCE="true">
      <VALUE>uint32</VALUE>
    </QUALIFIER>
    <VALUE>2</VALUE>
  </PROPERTY>
  <PROPERTY.ARRAY NAME="Icon" CLASSORIGIN="SMS_PackageBaseclass" TYPE="uint8">
    <QUALIFIER NAME="CIMTYPE" PROPAGATED="true" TYPE="string" TOINSTANCE="true">
      <VALUE>uint8</VALUE>
    </QUALIFIER>
  </PROPERTY.ARRAY>
  <PROPERTY NAME="IconSize" CLASSORIGIN="SMS_PackageBaseclass" TYPE="uint32">
    <QUALIFIER NAME="CIMTYPE" PROPAGATED="true" TYPE="string" TOINSTANCE="true">
      <VALUE>uint32</VALUE>
    </QUALIFIER>
    <VALUE>0</VALUE>
  </PROPERTY>
  <PROPERTY NAME="IgnoreAddressSchedule" CLASSORIGIN="SMS_PackageBaseclass" TYPE="boolean">
    <QUALIFIER NAME="CIMTYPE" PROPAGATED="true" TYPE="string" TOINSTANCE="true">
      <VALUE>boolean</VALUE>
    </QUALIFIER>
    <VALUE>FALSE</VALUE>
  </PROPERTY>
  <PROPERTY NAME="ImageDiskLayout" CLASSORIGIN="SMS_BootImagePackage" TYPE="string">
    <QUALIFIER NAME="CIMTYPE" PROPAGATED="true" TYPE="string" TOINSTANCE="true">
      <VALUE>string</VALUE>
    </QUALIFIER>
    <VALUE></VALUE>
  </PROPERTY>
  <PROPERTY NAME="ImageIndex" CLASSORIGIN="SMS_BootImagePackage" TYPE="uint32">
    <QUALIFIER NAME="CIMTYPE" PROPAGATED="true" TYPE="string" TOINSTANCE="true">
      <VALUE>uint32</VALUE>
    </QUALIFIER>
    <VALUE>1</VALUE>
  </PROPERTY>
  <PROPERTY NAME="ImageOSVersion" CLASSORIGIN="SMS_BootImagePackage" TYPE="string">
    <QUALIFIER NAME="CIMTYPE" PROPAGATED="true" TYPE="string" TOINSTANCE="true">
      <VALUE>string</VALUE>
    </QUALIFIER>
    <VALUE>10.0.17763.1</VALUE>
  </PROPERTY>
  <PROPERTY NAME="ImagePath" CLASSORIGIN="SMS_BootImagePackage" TYPE="string">
    <QUALIFIER NAME="CIMTYPE" PROPAGATED="true" TYPE="string" TOINSTANCE="true">
      <VALUE>string</VALUE>
    </QUALIFIER>
    <VALUE>\\CM1.corp.contoso.com\SMS_CHQ\osd\boot\x64\boot.wim</VALUE>
  </PROPERTY>
  <PROPERTY NAME="ImageProperty" CLASSORIGIN="SMS_BootImagePackage" TYPE="string">
    <QUALIFIER NAME="CIMTYPE" PROPAGATED="true" TYPE="string" TOINSTANCE="true">
      <VALUE>string</VALUE>
    </QUALIFIER>
    <VALUE><![CDATA[<WIM><IMAGE name="Microsoft Windows PE (x64)" index="1"><Property name="OS version" readonly="true">10.0.17763.1</Property><Property name="Architecture" readonly="true">9</Property><Property name="Creation date" readonly="true">20180915063932.953000+000</Property><Property name="Language" readonly="true">en-US</Property><Property name="HAL" readonly="true"></Property><Property name="ProductType" readonly="true">WinNT</Property><Property name="Size" readonly="true">1611264602</Property><Property name="Image description" readonly="false">Microsoft Windows PE (x64)</Property><Property name="Created by" readonly="false"></Property><Property name="Image version" readonly="false"></Property></IMAGE></WIM>
]]></VALUE>
  </PROPERTY>
  <PROPERTY.ARRAY NAME="ISVData" CLASSORIGIN="SMS_PackageBaseclass" TYPE="uint8">
    <QUALIFIER NAME="CIMTYPE" PROPAGATED="true" TYPE="string" TOINSTANCE="true">
      <VALUE>uint8</VALUE>
    </QUALIFIER>
  </PROPERTY.ARRAY>
  <PROPERTY NAME="ISVDataSize" CLASSORIGIN="SMS_PackageBaseclass" TYPE="uint32">
    <QUALIFIER NAME="CIMTYPE" PROPAGATED="true" TYPE="string" TOINSTANCE="true">
      <VALUE>uint32</VALUE>
    </QUALIFIER>
    <VALUE>0</VALUE>
  </PROPERTY>
  <PROPERTY NAME="IsVersionCompatible" CLASSORIGIN="SMS_PackageBaseclass" TYPE="boolean">
    <QUALIFIER NAME="CIMTYPE" PROPAGATED="true" TYPE="string" TOINSTANCE="true">
      <VALUE>boolean</VALUE>
    </QUALIFIER>
  </PROPERTY>
  <PROPERTY NAME="ISVString" CLASSORIGIN="SMS_PackageBaseclass" TYPE="string">
    <QUALIFIER NAME="CIMTYPE" PROPAGATED="true" TYPE="string" TOINSTANCE="true">
      <VALUE>string</VALUE>
    </QUALIFIER>
    <VALUE></VALUE>
  </PROPERTY>
  <PROPERTY NAME="Language" CLASSORIGIN="SMS_PackageBaseclass" TYPE="string">
    <QUALIFIER NAME="CIMTYPE" PROPAGATED="true" TYPE="string" TOINSTANCE="true">
      <VALUE>string</VALUE>
    </QUALIFIER>
    <VALUE></VALUE>
  </PROPERTY>
  <PROPERTY NAME="LastRefreshTime" CLASSORIGIN="SMS_PackageBaseclass" TYPE="datetime">
    <QUALIFIER NAME="CIMTYPE" PROPAGATED="true" TYPE="string" TOINSTANCE="true">
      <VALUE>datetime</VALUE>
    </QUALIFIER>
    <VALUE>20190430203244.000000+000</VALUE>
  </PROPERTY>
  <PROPERTY.ARRAY NAME="LocalizedCategoryInstanceNames" CLASSORIGIN="SMS_PackageBaseclass" TYPE="string">
    <QUALIFIER NAME="CIMTYPE" PROPAGATED="true" TYPE="string" TOINSTANCE="true">
      <VALUE>string</VALUE>
    </QUALIFIER>
    <VALUE.ARRAY></VALUE.ARRAY>
  </PROPERTY.ARRAY>
  <PROPERTY NAME="Manufacturer" CLASSORIGIN="SMS_PackageBaseclass" TYPE="string">
    <QUALIFIER NAME="CIMTYPE" PROPAGATED="true" TYPE="string" TOINSTANCE="true">
      <VALUE>string</VALUE>
    </QUALIFIER>
    <VALUE></VALUE>
  </PROPERTY>
  <PROPERTY NAME="MIFFilename" CLASSORIGIN="SMS_PackageBaseclass" TYPE="string">
    <QUALIFIER NAME="CIMTYPE" PROPAGATED="true" TYPE="string" TOINSTANCE="true">
      <VALUE>string</VALUE>
    </QUALIFIER>
    <VALUE></VALUE>
  </PROPERTY>
  <PROPERTY NAME="MIFName" CLASSORIGIN="SMS_PackageBaseclass" TYPE="string">
    <QUALIFIER NAME="CIMTYPE" PROPAGATED="true" TYPE="string" TOINSTANCE="true">
      <VALUE>string</VALUE>
    </QUALIFIER>
    <VALUE></VALUE>
  </PROPERTY>
  <PROPERTY NAME="MIFPublisher" CLASSORIGIN="SMS_PackageBaseclass" TYPE="string">
    <QUALIFIER NAME="CIMTYPE" PROPAGATED="true" TYPE="string" TOINSTANCE="true">
      <VALUE>string</VALUE>
    </QUALIFIER>
    <VALUE></VALUE>
  </PROPERTY>
  <PROPERTY NAME="MIFVersion" CLASSORIGIN="SMS_PackageBaseclass" TYPE="string">
    <QUALIFIER NAME="CIMTYPE" PROPAGATED="true" TYPE="string" TOINSTANCE="true">
      <VALUE>string</VALUE>
    </QUALIFIER>
    <VALUE></VALUE>
  </PROPERTY>
  <PROPERTY NAME="Name" CLASSORIGIN="SMS_PackageBaseclass" TYPE="string">
    <QUALIFIER NAME="CIMTYPE" PROPAGATED="true" TYPE="string" TOINSTANCE="true">
      <VALUE>string</VALUE>
    </QUALIFIER>
    <VALUE>Boot image (x64)</VALUE>
  </PROPERTY>
  <PROPERTY NAME="NumOfPrograms" CLASSORIGIN="SMS_PackageBaseclass" TYPE="uint32">
    <QUALIFIER NAME="CIMTYPE" PROPAGATED="true" TYPE="string" TOINSTANCE="true">
      <VALUE>uint32</VALUE>
    </QUALIFIER>
    <VALUE>0</VALUE>
  </PROPERTY>
  <PROPERTY NAME="ObjectPath" CLASSORIGIN="SMS_PackageBaseclass" TYPE="string">
    <QUALIFIER NAME="CIMTYPE" PROPAGATED="true" TYPE="string" TOINSTANCE="true">
      <VALUE>string</VALUE>
    </QUALIFIER>
  </PROPERTY>
  <PROPERTY.ARRAY NAME="OptionalComponents" CLASSORIGIN="SMS_BootImagePackage" TYPE="uint32">
    <QUALIFIER NAME="CIMTYPE" PROPAGATED="true" TYPE="string" TOINSTANCE="true">
      <VALUE>uint32</VALUE>
    </QUALIFIER>
    <VALUE.ARRAY>
      <VALUE>27</VALUE>
      <VALUE>28</VALUE>
      <VALUE>29</VALUE>
      <VALUE>30</VALUE>
      <VALUE>36</VALUE>
      <VALUE>37</VALUE>
      <VALUE>40</VALUE>
      <VALUE>41</VALUE>
      <VALUE>44</VALUE>
      <VALUE>45</VALUE>
      <VALUE>50</VALUE>
      <VALUE>51</VALUE>
      <VALUE>52</VALUE>
      <VALUE>58</VALUE>
    </VALUE.ARRAY>
  </PROPERTY.ARRAY>
  <PROPERTY NAME="PackageID" CLASSORIGIN="SMS_PackageBaseclass" TYPE="string">
    <QUALIFIER NAME="CIMTYPE" PROPAGATED="true" TYPE="string" TOINSTANCE="true">
      <VALUE>string</VALUE>
    </QUALIFIER>
    <QUALIFIER NAME="key" PROPAGATED="true" TYPE="boolean" OVERRIDABLE="false" TOINSTANCE="true">
      <VALUE>TRUE</VALUE>
    </QUALIFIER>
    <VALUE>CHQ00005</VALUE>
  </PROPERTY>
  <PROPERTY NAME="PackageSize" CLASSORIGIN="SMS_PackageBaseclass" TYPE="uint32">
    <QUALIFIER NAME="CIMTYPE" PROPAGATED="true" TYPE="string" TOINSTANCE="true">
      <VALUE>uint32</VALUE>
    </QUALIFIER>
    <VALUE>467391</VALUE>
  </PROPERTY>
  <PROPERTY NAME="PackageType" CLASSORIGIN="SMS_PackageBaseclass" TYPE="uint32">
    <QUALIFIER NAME="CIMTYPE" PROPAGATED="true" TYPE="string" TOINSTANCE="true">
      <VALUE>uint32</VALUE>
    </QUALIFIER>
    <VALUE>258</VALUE>
  </PROPERTY>
  <PROPERTY NAME="PkgFlags" CLASSORIGIN="SMS_PackageBaseclass" TYPE="uint32">
    <QUALIFIER NAME="CIMTYPE" PROPAGATED="true" TYPE="string" TOINSTANCE="true">
      <VALUE>uint32</VALUE>
    </QUALIFIER>
    <VALUE>1024</VALUE>
  </PROPERTY>
  <PROPERTY NAME="PkgSourceFlag" CLASSORIGIN="SMS_PackageBaseclass" TYPE="uint32">
    <QUALIFIER NAME="CIMTYPE" PROPAGATED="true" TYPE="string" TOINSTANCE="true">
      <VALUE>uint32</VALUE>
    </QUALIFIER>
    <VALUE>2</VALUE>
  </PROPERTY>
  <PROPERTY NAME="PkgSourcePath" CLASSORIGIN="SMS_PackageBaseclass" TYPE="string">
    <QUALIFIER NAME="CIMTYPE" PROPAGATED="true" TYPE="string" TOINSTANCE="true">
      <VALUE>string</VALUE>
    </QUALIFIER>
    <VALUE>\\CM1.corp.contoso.com\SMS_CHQ\osd\boot\x64\boot.CHQ00005.wim</VALUE>
  </PROPERTY>
  <PROPERTY NAME="PreDownloadRule" CLASSORIGIN="SMS_PackageBaseclass" TYPE="string">
    <QUALIFIER NAME="CIMTYPE" PROPAGATED="true" TYPE="string" TOINSTANCE="true">
      <VALUE>string</VALUE>
    </QUALIFIER>
    <VALUE></VALUE>
  </PROPERTY>
  <PROPERTY NAME="PreExecCommandLine" CLASSORIGIN="SMS_BootImagePackage" TYPE="string">
    <QUALIFIER NAME="CIMTYPE" PROPAGATED="true" TYPE="string" TOINSTANCE="true">
      <VALUE>string</VALUE>
    </QUALIFIER>
    <VALUE></VALUE>
  </PROPERTY>
  <PROPERTY NAME="PreExecSourceDirectory" CLASSORIGIN="SMS_BootImagePackage" TYPE="string">
    <QUALIFIER NAME="CIMTYPE" PROPAGATED="true" TYPE="string" TOINSTANCE="true">
      <VALUE>string</VALUE>
    </QUALIFIER>
    <VALUE></VALUE>
  </PROPERTY>
  <PROPERTY NAME="PreferredAddressType" CLASSORIGIN="SMS_PackageBaseclass" TYPE="string">
    <QUALIFIER NAME="CIMTYPE" PROPAGATED="true" TYPE="string" TOINSTANCE="true">
      <VALUE>string</VALUE>
    </QUALIFIER>
    <VALUE></VALUE>
  </PROPERTY>
  <PROPERTY NAME="Priority" CLASSORIGIN="SMS_PackageBaseclass" TYPE="uint32">
    <QUALIFIER NAME="CIMTYPE" PROPAGATED="true" TYPE="string" TOINSTANCE="true">
      <VALUE>uint32</VALUE>
    </QUALIFIER>
    <VALUE>2</VALUE>
  </PROPERTY>
  <PROPERTY NAME="ProductionClientVersion" CLASSORIGIN="SMS_BootImagePackage" TYPE="string">
    <QUALIFIER NAME="CIMTYPE" PROPAGATED="true" TYPE="string" TOINSTANCE="true">
      <VALUE>string</VALUE>
    </QUALIFIER>
    <VALUE>5.00.8790.1007</VALUE>
  </PROPERTY>
  <PROPERTY.OBJECTARRAY NAME="ReferencedDrivers" CLASSORIGIN="SMS_BootImagePackage" REFERENCECLASS="SMS_Driver_Details">
    <QUALIFIER NAME="CIMTYPE" PROPAGATED="true" TYPE="string" TOINSTANCE="true">
      <VALUE>object:SMS_Driver_Details</VALUE>
    </QUALIFIER>
    <VALUE.OBJECTARRAY></VALUE.OBJECTARRAY>
  </PROPERTY.OBJECTARRAY>
  <PROPERTY NAME="RefreshPkgSourceFlag" CLASSORIGIN="SMS_PackageBaseclass" TYPE="boolean">
    <QUALIFIER NAME="CIMTYPE" PROPAGATED="true" TYPE="string" TOINSTANCE="true">
      <VALUE>boolean</VALUE>
    </QUALIFIER>
    <VALUE>FALSE</VALUE>
  </PROPERTY>
  <PROPERTY.OBJECTARRAY NAME="RefreshSchedule" CLASSORIGIN="SMS_PackageBaseclass" REFERENCECLASS="SMS_ScheduleToken">
    <QUALIFIER NAME="CIMTYPE" PROPAGATED="true" TYPE="string" TOINSTANCE="true">
      <VALUE>object:SMS_ScheduleToken</VALUE>
    </QUALIFIER>
  </PROPERTY.OBJECTARRAY>
  <PROPERTY NAME="ScratchSpace" CLASSORIGIN="SMS_BootImagePackage" TYPE="uint32">
    <QUALIFIER NAME="CIMTYPE" PROPAGATED="true" TYPE="string" TOINSTANCE="true">
      <VALUE>uint32</VALUE>
    </QUALIFIER>
    <VALUE>32</VALUE>
  </PROPERTY>
  <PROPERTY.ARRAY NAME="SecuredScopeNames" CLASSORIGIN="SMS_PackageBaseclass" TYPE="string">
    <QUALIFIER NAME="CIMTYPE" PROPAGATED="true" TYPE="string" TOINSTANCE="true">
      <VALUE>string</VALUE>
    </QUALIFIER>
    <VALUE.ARRAY>
      <VALUE>Default</VALUE>
    </VALUE.ARRAY>
  </PROPERTY.ARRAY>
  <PROPERTY NAME="SedoObjectVersion" CLASSORIGIN="SMS_PackageBaseclass" TYPE="string">
    <QUALIFIER NAME="CIMTYPE" PROPAGATED="true" TYPE="string" TOINSTANCE="true">
      <VALUE>string</VALUE>
    </QUALIFIER>
    <VALUE>207F147F-EF8B-43FC-A8CA-479BDF4B805B</VALUE>
  </PROPERTY>
  <PROPERTY NAME="ShareName" CLASSORIGIN="SMS_PackageBaseclass" TYPE="string">
    <QUALIFIER NAME="CIMTYPE" PROPAGATED="true" TYPE="string" TOINSTANCE="true">
      <VALUE>string</VALUE>
    </QUALIFIER>
    <VALUE></VALUE>
  </PROPERTY>
  <PROPERTY NAME="ShareType" CLASSORIGIN="SMS_PackageBaseclass" TYPE="uint32">
    <QUALIFIER NAME="CIMTYPE" PROPAGATED="true" TYPE="string" TOINSTANCE="true">
      <VALUE>uint32</VALUE>
    </QUALIFIER>
    <VALUE>1</VALUE>
  </PROPERTY>
  <PROPERTY NAME="SourceDate" CLASSORIGIN="SMS_PackageBaseclass" TYPE="datetime">
    <QUALIFIER NAME="CIMTYPE" PROPAGATED="true" TYPE="string" TOINSTANCE="true">
      <VALUE>datetime</VALUE>
    </QUALIFIER>
    <VALUE>20190430203244.000000+000</VALUE>
  </PROPERTY>
  <PROPERTY NAME="SourceSite" CLASSORIGIN="SMS_PackageBaseclass" TYPE="string">
    <QUALIFIER NAME="CIMTYPE" PROPAGATED="true" TYPE="string" TOINSTANCE="true">
      <VALUE>string</VALUE>
    </QUALIFIER>
    <VALUE>CHQ</VALUE>
  </PROPERTY>
  <PROPERTY NAME="SourceVersion" CLASSORIGIN="SMS_PackageBaseclass" TYPE="uint32">
    <QUALIFIER NAME="CIMTYPE" PROPAGATED="true" TYPE="string" TOINSTANCE="true">
      <VALUE>uint32</VALUE>
    </QUALIFIER>
    <VALUE>4</VALUE>
  </PROPERTY>
  <PROPERTY NAME="StoredPkgPath" CLASSORIGIN="SMS_PackageBaseclass" TYPE="string">
    <QUALIFIER NAME="CIMTYPE" PROPAGATED="true" TYPE="string" TOINSTANCE="true">
      <VALUE>string</VALUE>
    </QUALIFIER>
    <VALUE></VALUE>
  </PROPERTY>
  <PROPERTY NAME="StoredPkgVersion" CLASSORIGIN="SMS_PackageBaseclass" TYPE="uint32">
    <QUALIFIER NAME="CIMTYPE" PROPAGATED="true" TYPE="string" TOINSTANCE="true">
      <VALUE>uint32</VALUE>
    </QUALIFIER>
    <VALUE>4</VALUE>
  </PROPERTY>
  <PROPERTY NAME="Version" CLASSORIGIN="SMS_PackageBaseclass" TYPE="string">
    <QUALIFIER NAME="CIMTYPE" PROPAGATED="true" TYPE="string" TOINSTANCE="true">
      <VALUE>string</VALUE>
    </QUALIFIER>
    <VALUE>10.0.17763.1</VALUE>
  </PROPERTY>
</INSTANCE>