﻿<ArrayOfString xmlns:xsd="http://www.w3.org/2001/XMLSchema" xmlns:xsi="http://www.w3.org/2001/XMLSchema-instance">
  <string>&lt;INSTANCE CLASSNAME="SMS_WinPEOptionalComponentInBootImage"&gt;
  &lt;PROPERTY TYPE="string" NAME="__RELPATH"&gt;
    &lt;VALUE&gt;&lt;/VALUE&gt;
  &lt;/PROPERTY&gt;
  &lt;PROPERTY NAME="PackageID" TYPE="string"&gt;
    &lt;VALUE&gt;CHQ00005&lt;/VALUE&gt;
  &lt;/PROPERTY&gt;
  &lt;PROPERTY NAME="Architecture" TYPE="string"&gt;
    &lt;VALUE&gt;x64&lt;/VALUE&gt;
  &lt;/PROPERTY&gt;
  &lt;PROPERTY NAME="ComponentID" TYPE="uint32"&gt;
    &lt;VALUE&gt;27&lt;/VALUE&gt;
  &lt;/PROPERTY&gt;
  &lt;PROPERTY NAME="IsRequired" TYPE="boolean"&gt;
    &lt;VALUE&gt;False&lt;/VALUE&gt;
  &lt;/PROPERTY&gt;
  &lt;PROPERTY NAME="Name" TYPE="string"&gt;
    &lt;VALUE&gt;WinPE-DismCmdlets&lt;/VALUE&gt;
  &lt;/PROPERTY&gt;
  &lt;PROPERTY NAME="Size" TYPE="uint64"&gt;
    &lt;VALUE&gt;36646&lt;/VALUE&gt;
  &lt;/PROPERTY&gt;
&lt;/INSTANCE&gt;</string>
  <string>&lt;INSTANCE CLASSNAME="SMS_WinPEOptionalComponentInBootImage"&gt;
  &lt;PROPERTY TYPE="string" NAME="__RELPATH"&gt;
    &lt;VALUE&gt;&lt;/VALUE&gt;
  &lt;/PROPERTY&gt;
  &lt;PROPERTY NAME="PackageID" TYPE="string"&gt;
    &lt;VALUE&gt;CHQ00005&lt;/VALUE&gt;
  &lt;/PROPERTY&gt;
  &lt;PROPERTY NAME="Architecture" TYPE="string"&gt;
    &lt;VALUE&gt;x64&lt;/VALUE&gt;
  &lt;/PROPERTY&gt;
  &lt;PROPERTY NAME="ComponentID" TYPE="uint32"&gt;
    &lt;VALUE&gt;28&lt;/VALUE&gt;
  &lt;/PROPERTY&gt;
  &lt;PROPERTY NAME="IsRequired" TYPE="boolean"&gt;
    &lt;VALUE&gt;False&lt;/VALUE&gt;
  &lt;/PROPERTY&gt;
  &lt;PROPERTY NAME="Name" TYPE="string"&gt;
    &lt;VALUE&gt;WinPE-Dot3Svc&lt;/VALUE&gt;
  &lt;/PROPERTY&gt;
  &lt;PROPERTY NAME="Size" TYPE="uint64"&gt;
    &lt;VALUE&gt;2187280&lt;/VALUE&gt;
  &lt;/PROPERTY&gt;
&lt;/INSTANCE&gt;</string>
  <string>&lt;INSTANCE CLASSNAME="SMS_WinPEOptionalComponentInBootImage"&gt;
  &lt;PROPERTY TYPE="string" NAME="__RELPATH"&gt;
    &lt;VALUE&gt;&lt;/VALUE&gt;
  &lt;/PROPERTY&gt;
  &lt;PROPERTY NAME="PackageID" TYPE="string"&gt;
    &lt;VALUE&gt;CHQ00005&lt;/VALUE&gt;
  &lt;/PROPERTY&gt;
  &lt;PROPERTY NAME="Architecture" TYPE="string"&gt;
    &lt;VALUE&gt;x64&lt;/VALUE&gt;
  &lt;/PROPERTY&gt;
  &lt;PROPERTY NAME="ComponentID" TYPE="uint32"&gt;
    &lt;VALUE&gt;29&lt;/VALUE&gt;
  &lt;/PROPERTY&gt;
  &lt;PROPERTY NAME="IsRequired" TYPE="boolean"&gt;
    &lt;VALUE&gt;False&lt;/VALUE&gt;
  &lt;/PROPERTY&gt;
  &lt;PROPERTY NAME="Name" TYPE="string"&gt;
    &lt;VALUE&gt;WinPE-EnhancedStorage&lt;/VALUE&gt;
  &lt;/PROPERTY&gt;
  &lt;PROPERTY NAME="Size" TYPE="uint64"&gt;
    &lt;VALUE&gt;82868&lt;/VALUE&gt;
  &lt;/PROPERTY&gt;
&lt;/INSTANCE&gt;</string>
  <string>&lt;INSTANCE CLASSNAME="SMS_WinPEOptionalComponentInBootImage"&gt;
  &lt;PROPERTY TYPE="string" NAME="__RELPATH"&gt;
    &lt;VALUE&gt;&lt;/VALUE&gt;
  &lt;/PROPERTY&gt;
  &lt;PROPERTY NAME="PackageID" TYPE="string"&gt;
    &lt;VALUE&gt;CHQ00005&lt;/VALUE&gt;
  &lt;/PROPERTY&gt;
  &lt;PROPERTY NAME="Architecture" TYPE="string"&gt;
    &lt;VALUE&gt;x64&lt;/VALUE&gt;
  &lt;/PROPERTY&gt;
  &lt;PROPERTY NAME="ComponentID" TYPE="uint32"&gt;
    &lt;VALUE&gt;30&lt;/VALUE&gt;
  &lt;/PROPERTY&gt;
  &lt;PROPERTY NAME="IsRequired" TYPE="boolean"&gt;
    &lt;VALUE&gt;False&lt;/VALUE&gt;
  &lt;/PROPERTY&gt;
  &lt;PROPERTY NAME="Name" TYPE="string"&gt;
    &lt;VALUE&gt;WinPE-FMAPI&lt;/VALUE&gt;
  &lt;/PROPERTY&gt;
  &lt;PROPERTY NAME="Size" TYPE="uint64"&gt;
    &lt;VALUE&gt;40445&lt;/VALUE&gt;
  &lt;/PROPERTY&gt;
&lt;/INSTANCE&gt;</string>
  <string>&lt;INSTANCE CLASSNAME="SMS_WinPEOptionalComponentInBootImage"&gt;
  &lt;PROPERTY TYPE="string" NAME="__RELPATH"&gt;
    &lt;VALUE&gt;&lt;/VALUE&gt;
  &lt;/PROPERTY&gt;
  &lt;PROPERTY NAME="PackageID" TYPE="string"&gt;
    &lt;VALUE&gt;CHQ00005&lt;/VALUE&gt;
  &lt;/PROPERTY&gt;
  &lt;PROPERTY NAME="Architecture" TYPE="string"&gt;
    &lt;VALUE&gt;x64&lt;/VALUE&gt;
  &lt;/PROPERTY&gt;
  &lt;PROPERTY NAME="ComponentID" TYPE="uint32"&gt;
    &lt;VALUE&gt;36&lt;/VALUE&gt;
  &lt;/PROPERTY&gt;
  &lt;PROPERTY NAME="IsRequired" TYPE="boolean"&gt;
    &lt;VALUE&gt;False&lt;/VALUE&gt;
  &lt;/PROPERTY&gt;
  &lt;PROPERTY NAME="Name" TYPE="string"&gt;
    &lt;VALUE&gt;WinPE-HTA&lt;/VALUE&gt;
  &lt;/PROPERTY&gt;
  &lt;PROPERTY NAME="Size" TYPE="uint64"&gt;
    &lt;VALUE&gt;17557652&lt;/VALUE&gt;
  &lt;/PROPERTY&gt;
&lt;/INSTANCE&gt;</string>
  <string>&lt;INSTANCE CLASSNAME="SMS_WinPEOptionalComponentInBootImage"&gt;
  &lt;PROPERTY TYPE="string" NAME="__RELPATH"&gt;
    &lt;VALUE&gt;&lt;/VALUE&gt;
  &lt;/PROPERTY&gt;
  &lt;PROPERTY NAME="PackageID" TYPE="string"&gt;
    &lt;VALUE&gt;CHQ00005&lt;/VALUE&gt;
  &lt;/PROPERTY&gt;
  &lt;PROPERTY NAME="Architecture" TYPE="string"&gt;
    &lt;VALUE&gt;x64&lt;/VALUE&gt;
  &lt;/PROPERTY&gt;
  &lt;PROPERTY NAME="ComponentID" TYPE="uint32"&gt;
    &lt;VALUE&gt;37&lt;/VALUE&gt;
  &lt;/PROPERTY&gt;
  &lt;PROPERTY NAME="IsRequired" TYPE="boolean"&gt;
    &lt;VALUE&gt;False&lt;/VALUE&gt;
  &lt;/PROPERTY&gt;
  &lt;PROPERTY NAME="Name" TYPE="string"&gt;
    &lt;VALUE&gt;WinPE-StorageWMI&lt;/VALUE&gt;
  &lt;/PROPERTY&gt;
  &lt;PROPERTY NAME="Size" TYPE="uint64"&gt;
    &lt;VALUE&gt;730857&lt;/VALUE&gt;
  &lt;/PROPERTY&gt;
&lt;/INSTANCE&gt;</string>
  <string>&lt;INSTANCE CLASSNAME="SMS_WinPEOptionalComponentInBootImage"&gt;
  &lt;PROPERTY TYPE="string" NAME="__RELPATH"&gt;
    &lt;VALUE&gt;&lt;/VALUE&gt;
  &lt;/PROPERTY&gt;
  &lt;PROPERTY NAME="PackageID" TYPE="string"&gt;
    &lt;VALUE&gt;CHQ00005&lt;/VALUE&gt;
  &lt;/PROPERTY&gt;
  &lt;PROPERTY NAME="Architecture" TYPE="string"&gt;
    &lt;VALUE&gt;x64&lt;/VALUE&gt;
  &lt;/PROPERTY&gt;
  &lt;PROPERTY NAME="ComponentID" TYPE="uint32"&gt;
    &lt;VALUE&gt;40&lt;/VALUE&gt;
  &lt;/PROPERTY&gt;
  &lt;PROPERTY NAME="IsRequired" TYPE="boolean"&gt;
    &lt;VALUE&gt;False&lt;/VALUE&gt;
  &lt;/PROPERTY&gt;
  &lt;PROPERTY NAME="Name" TYPE="string"&gt;
    &lt;VALUE&gt;WinPE-NetFx&lt;/VALUE&gt;
  &lt;/PROPERTY&gt;
  &lt;PROPERTY NAME="Size" TYPE="uint64"&gt;
    &lt;VALUE&gt;95885913&lt;/VALUE&gt;
  &lt;/PROPERTY&gt;
&lt;/INSTANCE&gt;</string>
  <string>&lt;INSTANCE CLASSNAME="SMS_WinPEOptionalComponentInBootImage"&gt;
  &lt;PROPERTY TYPE="string" NAME="__RELPATH"&gt;
    &lt;VALUE&gt;&lt;/VALUE&gt;
  &lt;/PROPERTY&gt;
  &lt;PROPERTY NAME="PackageID" TYPE="string"&gt;
    &lt;VALUE&gt;CHQ00005&lt;/VALUE&gt;
  &lt;/PROPERTY&gt;
  &lt;PROPERTY NAME="Architecture" TYPE="string"&gt;
    &lt;VALUE&gt;x64&lt;/VALUE&gt;
  &lt;/PROPERTY&gt;
  &lt;PROPERTY NAME="ComponentID" TYPE="uint32"&gt;
    &lt;VALUE&gt;41&lt;/VALUE&gt;
  &lt;/PROPERTY&gt;
  &lt;PROPERTY NAME="IsRequired" TYPE="boolean"&gt;
    &lt;VALUE&gt;False&lt;/VALUE&gt;
  &lt;/PROPERTY&gt;
  &lt;PROPERTY NAME="Name" TYPE="string"&gt;
    &lt;VALUE&gt;WinPE-PowerShell&lt;/VALUE&gt;
  &lt;/PROPERTY&gt;
  &lt;PROPERTY NAME="Size" TYPE="uint64"&gt;
    &lt;VALUE&gt;2494662&lt;/VALUE&gt;
  &lt;/PROPERTY&gt;
&lt;/INSTANCE&gt;</string>
  <string>&lt;INSTANCE CLASSNAME="SMS_WinPEOptionalComponentInBootImage"&gt;
  &lt;PROPERTY TYPE="string" NAME="__RELPATH"&gt;
    &lt;VALUE&gt;&lt;/VALUE&gt;
  &lt;/PROPERTY&gt;
  &lt;PROPERTY NAME="PackageID" TYPE="string"&gt;
    &lt;VALUE&gt;CHQ00005&lt;/VALUE&gt;
  &lt;/PROPERTY&gt;
  &lt;PROPERTY NAME="Architecture" TYPE="string"&gt;
    &lt;VALUE&gt;x64&lt;/VALUE&gt;
  &lt;/PROPERTY&gt;
  &lt;PROPERTY NAME="ComponentID" TYPE="uint32"&gt;
    &lt;VALUE&gt;44&lt;/VALUE&gt;
  &lt;/PROPERTY&gt;
  &lt;PROPERTY NAME="IsRequired" TYPE="boolean"&gt;
    &lt;VALUE&gt;True&lt;/VALUE&gt;
  &lt;/PROPERTY&gt;
  &lt;PROPERTY NAME="Name" TYPE="string"&gt;
    &lt;VALUE&gt;WinPE-Scripting&lt;/VALUE&gt;
  &lt;/PROPERTY&gt;
  &lt;PROPERTY NAME="Size" TYPE="uint64"&gt;
    &lt;VALUE&gt;1885924&lt;/VALUE&gt;
  &lt;/PROPERTY&gt;
&lt;/INSTANCE&gt;</string>
  <string>&lt;INSTANCE CLASSNAME="SMS_WinPEOptionalComponentInBootImage"&gt;
  &lt;PROPERTY TYPE="string" NAME="__RELPATH"&gt;
    &lt;VALUE&gt;&lt;/VALUE&gt;
  &lt;/PROPERTY&gt;
  &lt;PROPERTY NAME="PackageID" TYPE="string"&gt;
    &lt;VALUE&gt;CHQ00005&lt;/VALUE&gt;
  &lt;/PROPERTY&gt;
  &lt;PROPERTY NAME="Architecture" TYPE="string"&gt;
    &lt;VALUE&gt;x64&lt;/VALUE&gt;
  &lt;/PROPERTY&gt;
  &lt;PROPERTY NAME="ComponentID" TYPE="uint32"&gt;
    &lt;VALUE&gt;45&lt;/VALUE&gt;
  &lt;/PROPERTY&gt;
  &lt;PROPERTY NAME="IsRequired" TYPE="boolean"&gt;
    &lt;VALUE&gt;True&lt;/VALUE&gt;
  &lt;/PROPERTY&gt;
  &lt;PROPERTY NAME="Name" TYPE="string"&gt;
    &lt;VALUE&gt;WinPE-SecureStartup&lt;/VALUE&gt;
  &lt;/PROPERTY&gt;
  &lt;PROPERTY NAME="Size" TYPE="uint64"&gt;
    &lt;VALUE&gt;353092&lt;/VALUE&gt;
  &lt;/PROPERTY&gt;
&lt;/INSTANCE&gt;</string>
  <string>&lt;INSTANCE CLASSNAME="SMS_WinPEOptionalComponentInBootImage"&gt;
  &lt;PROPERTY TYPE="string" NAME="__RELPATH"&gt;
    &lt;VALUE&gt;&lt;/VALUE&gt;
  &lt;/PROPERTY&gt;
  &lt;PROPERTY NAME="PackageID" TYPE="string"&gt;
    &lt;VALUE&gt;CHQ00005&lt;/VALUE&gt;
  &lt;/PROPERTY&gt;
  &lt;PROPERTY NAME="Architecture" TYPE="string"&gt;
    &lt;VALUE&gt;x64&lt;/VALUE&gt;
  &lt;/PROPERTY&gt;
  &lt;PROPERTY NAME="ComponentID" TYPE="uint32"&gt;
    &lt;VALUE&gt;50&lt;/VALUE&gt;
  &lt;/PROPERTY&gt;
  &lt;PROPERTY NAME="IsRequired" TYPE="boolean"&gt;
    &lt;VALUE&gt;True&lt;/VALUE&gt;
  &lt;/PROPERTY&gt;
  &lt;PROPERTY NAME="Name" TYPE="string"&gt;
    &lt;VALUE&gt;WinPE-WDS-Tools&lt;/VALUE&gt;
  &lt;/PROPERTY&gt;
  &lt;PROPERTY NAME="Size" TYPE="uint64"&gt;
    &lt;VALUE&gt;850043&lt;/VALUE&gt;
  &lt;/PROPERTY&gt;
&lt;/INSTANCE&gt;</string>
  <string>&lt;INSTANCE CLASSNAME="SMS_WinPEOptionalComponentInBootImage"&gt;
  &lt;PROPERTY TYPE="string" NAME="__RELPATH"&gt;
    &lt;VALUE&gt;&lt;/VALUE&gt;
  &lt;/PROPERTY&gt;
  &lt;PROPERTY NAME="PackageID" TYPE="string"&gt;
    &lt;VALUE&gt;CHQ00005&lt;/VALUE&gt;
  &lt;/PROPERTY&gt;
  &lt;PROPERTY NAME="Architecture" TYPE="string"&gt;
    &lt;VALUE&gt;x64&lt;/VALUE&gt;
  &lt;/PROPERTY&gt;
  &lt;PROPERTY NAME="ComponentID" TYPE="uint32"&gt;
    &lt;VALUE&gt;51&lt;/VALUE&gt;
  &lt;/PROPERTY&gt;
  &lt;PROPERTY NAME="IsRequired" TYPE="boolean"&gt;
    &lt;VALUE&gt;False&lt;/VALUE&gt;
  &lt;/PROPERTY&gt;
  &lt;PROPERTY NAME="Name" TYPE="string"&gt;
    &lt;VALUE&gt;WinPE-WinReCfg&lt;/VALUE&gt;
  &lt;/PROPERTY&gt;
  &lt;PROPERTY NAME="Size" TYPE="uint64"&gt;
    &lt;VALUE&gt;161101&lt;/VALUE&gt;
  &lt;/PROPERTY&gt;
&lt;/INSTANCE&gt;</string>
  <string>&lt;INSTANCE CLASSNAME="SMS_WinPEOptionalComponentInBootImage"&gt;
  &lt;PROPERTY TYPE="string" NAME="__RELPATH"&gt;
    &lt;VALUE&gt;&lt;/VALUE&gt;
  &lt;/PROPERTY&gt;
  &lt;PROPERTY NAME="PackageID" TYPE="string"&gt;
    &lt;VALUE&gt;CHQ00005&lt;/VALUE&gt;
  &lt;/PROPERTY&gt;
  &lt;PROPERTY NAME="Architecture" TYPE="string"&gt;
    &lt;VALUE&gt;x64&lt;/VALUE&gt;
  &lt;/PROPERTY&gt;
  &lt;PROPERTY NAME="ComponentID" TYPE="uint32"&gt;
    &lt;VALUE&gt;52&lt;/VALUE&gt;
  &lt;/PROPERTY&gt;
  &lt;PROPERTY NAME="IsRequired" TYPE="boolean"&gt;
    &lt;VALUE&gt;True&lt;/VALUE&gt;
  &lt;/PROPERTY&gt;
  &lt;PROPERTY NAME="Name" TYPE="string"&gt;
    &lt;VALUE&gt;WinPE-WMI&lt;/VALUE&gt;
  &lt;/PROPERTY&gt;
  &lt;PROPERTY NAME="Size" TYPE="uint64"&gt;
    &lt;VALUE&gt;5942808&lt;/VALUE&gt;
  &lt;/PROPERTY&gt;
&lt;/INSTANCE&gt;</string>
  <string>&lt;INSTANCE CLASSNAME="SMS_WinPEOptionalComponentInBootImage"&gt;
  &lt;PROPERTY TYPE="string" NAME="__RELPATH"&gt;
    &lt;VALUE&gt;&lt;/VALUE&gt;
  &lt;/PROPERTY&gt;
  &lt;PROPERTY NAME="PackageID" TYPE="string"&gt;
    &lt;VALUE&gt;CHQ00005&lt;/VALUE&gt;
  &lt;/PROPERTY&gt;
  &lt;PROPERTY NAME="Architecture" TYPE="string"&gt;
    &lt;VALUE&gt;x64&lt;/VALUE&gt;
  &lt;/PROPERTY&gt;
  &lt;PROPERTY NAME="ComponentID" TYPE="uint32"&gt;
    &lt;VALUE&gt;58&lt;/VALUE&gt;
  &lt;/PROPERTY&gt;
  &lt;PROPERTY NAME="IsRequired" TYPE="boolean"&gt;
    &lt;VALUE&gt;False&lt;/VALUE&gt;
  &lt;/PROPERTY&gt;
  &lt;PROPERTY NAME="Name" TYPE="string"&gt;
    &lt;VALUE&gt;WinPE-SecureBootCmdlets&lt;/VALUE&gt;
  &lt;/PROPERTY&gt;
  &lt;PROPERTY NAME="Size" TYPE="uint64"&gt;
    &lt;VALUE&gt;23377&lt;/VALUE&gt;
  &lt;/PROPERTY&gt;
&lt;/INSTANCE&gt;</string>
</ArrayOfString>