﻿<LibraryDocument xmlns:xsd="http://www.w3.org/2001/XMLSchema" xmlns:xsi="http://www.w3.org/2001/XMLSchema-instance">
  <Properties>
    <Property Name="AUTHORING_SCOPE" Value="ScopeId_12B63133-6C30-40F8-AC6A-A68D2D018248" />
  </Properties>
  <Contents>
    <Content UniqueId="21bca366-6671-4a8a-adc8-f521abf5b49a" Hash="" Description="Configuration Manager Client Package" RelativePath="Configuration Manager Client Package" FullPath="C:\Temp\Modular OSD Export\ModularOSD_files\Configuration Manager Client Package\" SingleFile="false" StorageType="" FullOwnership="true" OriginalPath="\\CM1.corp.contoso.com\SMS_CHQ\Client\" OriginalStorage="" />
    <Content UniqueId="61a2677a-a60e-4628-9281-2ff741aa0eb4" Hash="" Description="OSD Configuration" RelativePath="OSD Configuration" FullPath="C:\Temp\Modular OSD Export\ModularOSD_files\OSD Configuration\" SingleFile="false" StorageType="" FullOwnership="true" OriginalPath="\\ad_sql\PackageSource\OSD\WinAdmins OSD Configuration\" OriginalStorage="" />
    <Content UniqueId="beedc228-66bf-4947-9690-c450ca925223" Hash="" Description="Windows10 InsiderPreview Enterprisex64 en-us" RelativePath="Windows10 InsiderPreview Enterprisex64 en-us" FullPath="C:\Temp\Modular OSD Export\ModularOSD_files\Windows10 InsiderPreview Enterprisex64 en-us\" SingleFile="false" StorageType="" FullOwnership="true" OriginalPath="\\ad_sql\PackageSource\OSD\Windows10 InsiderPreview EnterpriseVL x64 en-us 18290\" OriginalStorage="" />
  </Contents>
  <EntryObjects>
    <Object Path="SMS_Package.PackageID='CHQ00002'" Type="SMS_Package" />
    <Object Path="SMS_Package.PackageID='CHQ00015'" Type="SMS_Package" />
    <Object Path="SMS_TaskSequencePackage.PackageID='CHQ00006'" Type="SMS_TaskSequencePackage" />
    <Object Path="SMS_TaskSequencePackage.PackageID='CHQ00007'" Type="SMS_TaskSequencePackage" />
    <Object Path="SMS_OperatingSystemInstallPackage.PackageID='CHQ00016'" Type="SMS_OperatingSystemInstallPackage" />
    <Object Path="SMS_TaskSequencePackage.PackageID='CHQ0000A'" Type="SMS_TaskSequencePackage" />
    <Object Path="SMS_TaskSequencePackage.PackageID='CHQ0000C'" Type="SMS_TaskSequencePackage" />
    <Object Path="SMS_TaskSequencePackage.PackageID='CHQ00018'" Type="SMS_TaskSequencePackage" />
    <Object Path="SMS_TaskSequencePackage.PackageID='CHQ0000D'" Type="SMS_TaskSequencePackage" />
  </EntryObjects>
</LibraryDocument>