﻿<ArrayOfString xmlns:xsi="http://www.w3.org/2001/XMLSchema-instance" xmlns:xsd="http://www.w3.org/2001/XMLSchema">
  <string>&lt;INSTANCE CLASSNAME="SMS_TaskSequenceAppReferencesInfo"&gt;
  &lt;PROPERTY TYPE="string" NAME="__RELPATH"&gt;
    &lt;VALUE&gt;&lt;/VALUE&gt;
  &lt;/PROPERTY&gt;
  &lt;PROPERTY NAME="PackageID" TYPE="string"&gt;
    &lt;VALUE&gt;ABC00241&lt;/VALUE&gt;
  &lt;/PROPERTY&gt;
  &lt;PROPERTY NAME="RefAppCI_ID" TYPE="sint32"&gt;
    &lt;VALUE&gt;16891921&lt;/VALUE&gt;
  &lt;/PROPERTY&gt;
  &lt;PROPERTY NAME="RefAppModelName" TYPE="string"&gt;
    &lt;VALUE&gt;ScopeId_B91C4CD4-5E0B-4285-B358-941C196D5592/Application_31e57893-7cb0-4346-aa3e-286aa42b4afc&lt;/VALUE&gt;
  &lt;/PROPERTY&gt;
  &lt;PROPERTY NAME="RefAppPackageID" TYPE="string"&gt;
    &lt;VALUE&gt;ABC002C7&lt;/VALUE&gt;
  &lt;/PROPERTY&gt;
&lt;/INSTANCE&gt;</string>
  <string>&lt;INSTANCE CLASSNAME="SMS_TaskSequenceAppReferencesInfo"&gt;
  &lt;PROPERTY TYPE="string" NAME="__RELPATH"&gt;
    &lt;VALUE&gt;&lt;/VALUE&gt;
  &lt;/PROPERTY&gt;
  &lt;PROPERTY NAME="PackageID" TYPE="string"&gt;
    &lt;VALUE&gt;ABC00241&lt;/VALUE&gt;
  &lt;/PROPERTY&gt;
  &lt;PROPERTY NAME="RefAppCI_ID" TYPE="sint32"&gt;
    &lt;VALUE&gt;16891897&lt;/VALUE&gt;
  &lt;/PROPERTY&gt;
  &lt;PROPERTY NAME="RefAppModelName" TYPE="string"&gt;
    &lt;VALUE&gt;ScopeId_B91C4CD4-5E0B-4285-B358-941C196D5592/Application_33c435a0-206d-4201-91d3-956a94fb73a0&lt;/VALUE&gt;
  &lt;/PROPERTY&gt;
  &lt;PROPERTY NAME="RefAppPackageID" TYPE="string"&gt;
    &lt;VALUE&gt;ABC002C3&lt;/VALUE&gt;
  &lt;/PROPERTY&gt;
&lt;/INSTANCE&gt;</string>
  <string>&lt;INSTANCE CLASSNAME="SMS_TaskSequenceAppReferencesInfo"&gt;
  &lt;PROPERTY TYPE="string" NAME="__RELPATH"&gt;
    &lt;VALUE&gt;&lt;/VALUE&gt;
  &lt;/PROPERTY&gt;
  &lt;PROPERTY NAME="PackageID" TYPE="string"&gt;
    &lt;VALUE&gt;ABC00241&lt;/VALUE&gt;
  &lt;/PROPERTY&gt;
  &lt;PROPERTY NAME="RefAppCI_ID" TYPE="sint32"&gt;
    &lt;VALUE&gt;16892040&lt;/VALUE&gt;
  &lt;/PROPERTY&gt;
  &lt;PROPERTY NAME="RefAppModelName" TYPE="string"&gt;
    &lt;VALUE&gt;ScopeId_B91C4CD4-5E0B-4285-B358-941C196D5592/Application_48c1ecc6-e859-47de-b2bb-fdae4b11e4b3&lt;/VALUE&gt;
  &lt;/PROPERTY&gt;
  &lt;PROPERTY NAME="RefAppPackageID" TYPE="string"&gt;
    &lt;VALUE&gt;ABC002EB&lt;/VALUE&gt;
  &lt;/PROPERTY&gt;
&lt;/INSTANCE&gt;</string>
  <string>&lt;INSTANCE CLASSNAME="SMS_TaskSequenceAppReferencesInfo"&gt;
  &lt;PROPERTY TYPE="string" NAME="__RELPATH"&gt;
    &lt;VALUE&gt;&lt;/VALUE&gt;
  &lt;/PROPERTY&gt;
  &lt;PROPERTY NAME="PackageID" TYPE="string"&gt;
    &lt;VALUE&gt;ABC00241&lt;/VALUE&gt;
  &lt;/PROPERTY&gt;
  &lt;PROPERTY NAME="RefAppCI_ID" TYPE="sint32"&gt;
    &lt;VALUE&gt;16891701&lt;/VALUE&gt;
  &lt;/PROPERTY&gt;
  &lt;PROPERTY NAME="RefAppModelName" TYPE="string"&gt;
    &lt;VALUE&gt;ScopeId_B91C4CD4-5E0B-4285-B358-941C196D5592/Application_5c040e98-396c-4ef6-8ff5-2f8b261237c8&lt;/VALUE&gt;
  &lt;/PROPERTY&gt;
  &lt;PROPERTY NAME="RefAppPackageID" TYPE="string"&gt;
    &lt;VALUE&gt;ABC002C5&lt;/VALUE&gt;
  &lt;/PROPERTY&gt;
&lt;/INSTANCE&gt;</string>
  <string>&lt;INSTANCE CLASSNAME="SMS_TaskSequenceAppReferencesInfo"&gt;
  &lt;PROPERTY TYPE="string" NAME="__RELPATH"&gt;
    &lt;VALUE&gt;&lt;/VALUE&gt;
  &lt;/PROPERTY&gt;
  &lt;PROPERTY NAME="PackageID" TYPE="string"&gt;
    &lt;VALUE&gt;ABC00241&lt;/VALUE&gt;
  &lt;/PROPERTY&gt;
  &lt;PROPERTY NAME="RefAppCI_ID" TYPE="sint32"&gt;
    &lt;VALUE&gt;16891765&lt;/VALUE&gt;
  &lt;/PROPERTY&gt;
  &lt;PROPERTY NAME="RefAppModelName" TYPE="string"&gt;
    &lt;VALUE&gt;ScopeId_B91C4CD4-5E0B-4285-B358-941C196D5592/Application_8a2fe988-890f-4045-9c14-f0584c121cea&lt;/VALUE&gt;
  &lt;/PROPERTY&gt;
  &lt;PROPERTY NAME="RefAppPackageID" TYPE="string"&gt;
    &lt;VALUE&gt;ABC002C6&lt;/VALUE&gt;
  &lt;/PROPERTY&gt;
&lt;/INSTANCE&gt;</string>
  <string>&lt;INSTANCE CLASSNAME="SMS_TaskSequenceAppReferencesInfo"&gt;
  &lt;PROPERTY TYPE="string" NAME="__RELPATH"&gt;
    &lt;VALUE&gt;&lt;/VALUE&gt;
  &lt;/PROPERTY&gt;
  &lt;PROPERTY NAME="PackageID" TYPE="string"&gt;
    &lt;VALUE&gt;ABC00241&lt;/VALUE&gt;
  &lt;/PROPERTY&gt;
  &lt;PROPERTY NAME="RefAppCI_ID" TYPE="sint32"&gt;
    &lt;VALUE&gt;16891821&lt;/VALUE&gt;
  &lt;/PROPERTY&gt;
  &lt;PROPERTY NAME="RefAppModelName" TYPE="string"&gt;
    &lt;VALUE&gt;ScopeId_B91C4CD4-5E0B-4285-B358-941C196D5592/Application_a8ea36e8-1169-4891-956a-2f114bfd4e79&lt;/VALUE&gt;
  &lt;/PROPERTY&gt;
  &lt;PROPERTY NAME="RefAppPackageID" TYPE="string"&gt;
    &lt;VALUE&gt;ABC002C2&lt;/VALUE&gt;
  &lt;/PROPERTY&gt;
&lt;/INSTANCE&gt;</string>
  <string>&lt;INSTANCE CLASSNAME="SMS_TaskSequenceAppReferencesInfo"&gt;
  &lt;PROPERTY TYPE="string" NAME="__RELPATH"&gt;
    &lt;VALUE&gt;&lt;/VALUE&gt;
  &lt;/PROPERTY&gt;
  &lt;PROPERTY NAME="PackageID" TYPE="string"&gt;
    &lt;VALUE&gt;ABC00241&lt;/VALUE&gt;
  &lt;/PROPERTY&gt;
  &lt;PROPERTY NAME="RefAppCI_ID" TYPE="sint32"&gt;
    &lt;VALUE&gt;16891981&lt;/VALUE&gt;
  &lt;/PROPERTY&gt;
  &lt;PROPERTY NAME="RefAppModelName" TYPE="string"&gt;
    &lt;VALUE&gt;ScopeId_B91C4CD4-5E0B-4285-B358-941C196D5592/Application_b82f9dc8-8a4b-4a1f-9e51-1f9a5f471252&lt;/VALUE&gt;
  &lt;/PROPERTY&gt;
  &lt;PROPERTY NAME="RefAppPackageID" TYPE="string"&gt;
    &lt;VALUE&gt;ABC0022F&lt;/VALUE&gt;
  &lt;/PROPERTY&gt;
&lt;/INSTANCE&gt;</string>
  <string>&lt;INSTANCE CLASSNAME="SMS_TaskSequenceAppReferencesInfo"&gt;
  &lt;PROPERTY TYPE="string" NAME="__RELPATH"&gt;
    &lt;VALUE&gt;&lt;/VALUE&gt;
  &lt;/PROPERTY&gt;
  &lt;PROPERTY NAME="PackageID" TYPE="string"&gt;
    &lt;VALUE&gt;ABC00241&lt;/VALUE&gt;
  &lt;/PROPERTY&gt;
  &lt;PROPERTY NAME="RefAppCI_ID" TYPE="sint32"&gt;
    &lt;VALUE&gt;16890840&lt;/VALUE&gt;
  &lt;/PROPERTY&gt;
  &lt;PROPERTY NAME="RefAppModelName" TYPE="string"&gt;
    &lt;VALUE&gt;ScopeId_B91C4CD4-5E0B-4285-B358-941C196D5592/Application_fd8c1d46-6561-4a4f-8b20-7925eac5016c&lt;/VALUE&gt;
  &lt;/PROPERTY&gt;
  &lt;PROPERTY NAME="RefAppPackageID" TYPE="string"&gt;
    &lt;VALUE&gt;ABC002C4&lt;/VALUE&gt;
  &lt;/PROPERTY&gt;
&lt;/INSTANCE&gt;</string>
</ArrayOfString>