﻿<LibraryDocument xmlns:xsi="http://www.w3.org/2001/XMLSchema-instance" xmlns:xsd="http://www.w3.org/2001/XMLSchema">
  <Properties>
    <Property Name="AUTHORING_SCOPE" Value="ScopeId_808660E1-A58B-4BB7-95E1-918DCC386AC7" />
  </Properties>
  <Contents>
    <Content UniqueId="da6801ad-9cf3-47ca-9739-815de67cb3ad" Hash="" Description="OSD-MMS-DEMO" RelativePath="OSD-MMS-DEMO" FullPath="\\cm01\src$\TSModules_files\OSD-MMS-DEMO\" SingleFile="false" StorageType="" FullOwnership="true" OriginalPath="\\cm01\src$\OSD\Scripts\OSD-MMS-DEMO\" OriginalStorage="" />
  </Contents>
  <EntryObjects>
    <Object Path="SMS_Package.PackageID='PS10001D'" Type="SMS_Package" />
    <Object Path="SMS_TaskSequencePackage.PackageID='PS100051'" Type="SMS_TaskSequencePackage" />
  </EntryObjects>
</LibraryDocument>